-- MySQL dump 10.13  Distrib 5.5.62, for Linux (x86_64)
--
-- Host: localhost    Database: doc
-- ------------------------------------------------------
-- Server version	5.5.62

/*!40101 SET @OLD_CHARACTER_SET_CLIENT=@@CHARACTER_SET_CLIENT */;
/*!40101 SET @OLD_CHARACTER_SET_RESULTS=@@CHARACTER_SET_RESULTS */;
/*!40101 SET @OLD_COLLATION_CONNECTION=@@COLLATION_CONNECTION */;
/*!40101 SET NAMES utf8 */;
/*!40103 SET @OLD_TIME_ZONE=@@TIME_ZONE */;
/*!40103 SET TIME_ZONE='+00:00' */;
/*!40014 SET @OLD_UNIQUE_CHECKS=@@UNIQUE_CHECKS, UNIQUE_CHECKS=0 */;
/*!40014 SET @OLD_FOREIGN_KEY_CHECKS=@@FOREIGN_KEY_CHECKS, FOREIGN_KEY_CHECKS=0 */;
/*!40101 SET @OLD_SQL_MODE=@@SQL_MODE, SQL_MODE='NO_AUTO_VALUE_ON_ZERO' */;
/*!40111 SET @OLD_SQL_NOTES=@@SQL_NOTES, SQL_NOTES=0 */;

--
-- Table structure for table `Balance`
--

DROP TABLE IF EXISTS `Balance`;
/*!40101 SET @saved_cs_client     = @@character_set_client */;
/*!40101 SET character_set_client = utf8 */;
CREATE TABLE `Balance` (
  `id` varchar(255) NOT NULL DEFAULT '',
  `ft` varchar(10) DEFAULT NULL,
  `dls` varchar(10) DEFAULT NULL,
  `dlsp` varchar(10) DEFAULT NULL,
  `lf` varchar(10) DEFAULT NULL,
  `lsls` varchar(10) DEFAULT NULL,
  `lts` varchar(10) DEFAULT NULL,
  `lslsp` varchar(10) DEFAULT NULL,
  `ltsp` varchar(10) DEFAULT NULL,
  `rf` varchar(10) DEFAULT NULL,
  `rsls` varchar(10) DEFAULT NULL,
  `rts` varchar(10) DEFAULT NULL,
  `rslsp` varchar(10) DEFAULT NULL,
  `rtsp` varchar(10) DEFAULT NULL,
  `tf` varchar(10) DEFAULT NULL,
  `lbb` varchar(10) DEFAULT NULL,
  `lk2t` varchar(10) DEFAULT NULL,
  `lh` varchar(10) DEFAULT NULL,
  `lrb` varchar(10) DEFAULT NULL,
  `lfs` varchar(10) DEFAULT NULL,
  `cs` varchar(10) DEFAULT NULL,
  `rbb` varchar(10) DEFAULT NULL,
  `rk2t` varchar(10) DEFAULT NULL,
  `rh` varchar(10) DEFAULT NULL,
  `rrb` varchar(10) DEFAULT NULL,
  `rfs` varchar(10) DEFAULT NULL,
  `cs2` varchar(10) DEFAULT NULL,
  `lat1` varchar(10) DEFAULT NULL,
  `lat2` varchar(10) DEFAULT NULL,
  `lat3` varchar(10) DEFAULT NULL,
  `laas` varchar(10) DEFAULT NULL,
  `larrd` varchar(10) DEFAULT NULL,
  `lacrd` varchar(10) DEFAULT NULL,
  `lpt1` varchar(10) DEFAULT NULL,
  `lpt2` varchar(10) DEFAULT NULL,
  `lpt3` varchar(10) DEFAULT NULL,
  `lpas` varchar(10) DEFAULT NULL,
  `lprrd` varchar(10) DEFAULT NULL,
  `lpcrd` varchar(10) DEFAULT NULL,
  `lpt21` varchar(10) DEFAULT NULL,
  `lpt22` varchar(10) DEFAULT NULL,
  `lpt23` varchar(10) DEFAULT NULL,
  `lpas2` varchar(10) DEFAULT NULL,
  `lprrd2` varchar(10) DEFAULT NULL,
  `lpcrd2` varchar(10) DEFAULT NULL,
  `cs3` varchar(10) DEFAULT NULL,
  `rat1` varchar(10) DEFAULT NULL,
  `rat2` varchar(10) DEFAULT NULL,
  `rat3` varchar(10) DEFAULT NULL,
  `raas` varchar(10) DEFAULT NULL,
  `rarrd` varchar(10) DEFAULT NULL,
  `racrd` varchar(10) DEFAULT NULL,
  `rpt1` varchar(10) DEFAULT NULL,
  `rpt2` varchar(10) DEFAULT NULL,
  `rpt3` varchar(10) DEFAULT NULL,
  `rpas` varchar(10) DEFAULT NULL,
  `rprrd` varchar(10) DEFAULT NULL,
  `rpcrd` varchar(10) DEFAULT NULL,
  `rpt21` varchar(10) DEFAULT NULL,
  `rpt22` varchar(10) DEFAULT NULL,
  `rpt23` varchar(10) DEFAULT NULL,
  `rpas2` varchar(10) DEFAULT NULL,
  `rprrd2` varchar(10) DEFAULT NULL,
  `rpcrd2` varchar(10) DEFAULT NULL,
  `cs4` varchar(10) DEFAULT NULL,
  `lkup` varchar(10) DEFAULT NULL,
  `rkup` varchar(10) DEFAULT NULL,
  PRIMARY KEY (`id`)
) ENGINE=InnoDB DEFAULT CHARSET=latin1;
/*!40101 SET character_set_client = @saved_cs_client */;

--
-- Dumping data for table `Balance`
--

LOCK TABLES `Balance` WRITE;
/*!40000 ALTER TABLE `Balance` DISABLE KEYS */;
INSERT INTO `Balance` VALUES ('03a4e1d62065e4343e8016e20ee2cf70ea4ae5b46348b5a3f8ba9083ce0ae13d','0','0','0','12','1','3','5','3','3','2','1','0','0','15','3','3','3','3','12','80.00','3','3','3','3','15','100.00','89','91.5','93','91.17','92','902583','76','80','84','80.00','81','792000','76','80','81','79.00','80','782100','84.23','91','93','95.5','93.17','94','922383','77.5','78','80.5','78.67','79','778833','74.5','75','77.25','75.58','76','748242','83.31','0','3'),('0af98cdd6d6dcb74b4daa675e76bb71c07dbabc3447baae79038d7ca8dd9e1c8','0','0','0','0','0','0','0','0','1','0','0','0','1','1','3','3','3','3','15','100.00','3','3','3','3','15','100.00','100','100','100','100.00','98','1020000','100','100','100','100.00','98','1020000','100','100','100','100.00','98','1020000','98.04','100','100','100','100.00','98','1020000','100','100','100','100.00','98','1020000','100','100','100','100.00','98','1020000','98.04','3','3'),('12b1ef560e8edabbcb8f473c397dcd77e3a6ef4fe70c4c653e1d78fbd9ace6ac','0','0','0','16','2','3','7','4','13','4','0','7','2','29','3','3','3','3','14','93.33','3','3','3','3','15','100.00','0','0','0','0','0','0','0','0','0','0','0','0','0','0','0','0','0','0','0','0','0','0','0','0','0','0','0','0','0','0','0','0','0','0','0','0','0','0','2','3'),('18baed62563a6377b7c8d16de3d4173741a8b9e01fb1ef465b60d421364fd808','0','0','0','5','1','0','3','1','9','0','1','5','3','14','3','3','3','3','15','100.00','3','3','3','3','15','100.00','0','0','0','0','0','0','0','0','0','0','0','0','0','0','0','0','0','0','0','0','0','0','0','0','0','0','0','0','0','0','0','0','0','0','0','0','0','0','3','3'),('1c97e454b89100ab96b2890214f8f8fe0ae19063a9cab4c62f8703ca65ba10b3','11.97','-0.03','12','0','12','12','-5','0','0','0','0','0','0','0','0','0','0','0','0','0','0','0','0','0','0','0','0','0','0','0','0','0','0','0','0','0','0','0','0','0','0','0','0','0','0','0','0','0','0','0','0','0','0','0','0','0','0','0','0','0','0','0','0','0','0','0'),('210e8740120ca6c1f392114605c6dad6a68dcb8322da5eede4c694f37e1e3a37','0','0','0','19','5','1','7','6','14','5','1','4','4','33','3','1','3','2','12','80.00','3','2','3','0','11','73.33','0','0','0','0','0','0','0','0','0','0','0','0','0','0','0','0','0','0','0','0','0','0','0','0','0','0','0','0','0','0','0','0','0','0','0','0','0','0','3','3'),('31bcabcb23cf5da696cb1978d386d1eaab3e4c623907fc7f000d0f9baafe90c3','0','0','0','7','2','1','3','1','4','1','0','1','2','11','3','3','3','3','15','100.00','3','3','3','3','15','100.00','0','0','0','0','0','0','0','0','0','0','0','0','0','0','0','0','0','0','0','0','0','0','0','0','0','0','0','0','0','0','0','0','0','0','0','0','0','0','3','3'),('383d310cd0c88a9f5397f2e469279c10b6c4311d61ee352b1917ae6c232ffae5','0','0','0','20','4','1','10','5','17','7','0','9','1','37','0','0','0','0','0','0','0','0','0','0','0','0','0','0','0','0','0','0','0','0','0','0','0','0','0','0','0','0','0','0','0','0','0','0','0','0','0','0','0','0','0','0','0','0','0','0','0','0','0','0','0','0'),('3c53c3844600c2b471f925b7116134d56fbf72d05fc22e2674e6d8a92afe4f8c','4','1','3','12','0','5','2','5','3','1','0','1','1','19','0','0','0','0','0','0.00','0','0','0','0','0','0.00','0','0','0','0.00','0','0','0','0','0','0.00','0','0','0','0','0','0.00','0','0','0.00','0','0','0','0.00','0','0','0','0','0','0.00','0','0','0','0','0','0.00','0','0','0.00','0','0'),('4777bc23a31900b2ee0662e8af4ea9a9c2e01758d66b024ae9d3916813d074dc','0','0','0','3','1','0','1','1','1','0','0','0','1','4','3','3','3','1','11','73.33','2','2','3','0','10','66.67','68','67.5','63','66.17','82','535977','61','62.4','60','61.13','75','495153','58.25','58.75','59','58.67','72','475227','76.53','63','60','54','59.00','73','477900','57','57.5','56','56.83','70','460323','56','56.25','54','55.42','68','448902','70.47','1','3'),('905cd91ea7d37e7f1a12528bea6aa13244c9694714c00455c026aacc5980f580','0','0','0','0','0','0','0','0','0','0','0','0','0','0','2','0','3','3','10','66.67','3','2','3','3','14','93.33','51.5','51.5','51.5','51.50','59','453200','86.0','86.0','86','86.00','98','756800','88.5','88.5','88.5','88.50','101','778800','85.61','55.0','55','55','55.00','63','484000','86','86','86','86.00','98','756800','82','82','82','82.00','93','721600','84.47','2','3'),('937cc5fd23dc05606fdd0186d943c45332f5c54f4978616fafa115723e3d6a35','2','1','1','4','1','1','1','1','4','1','1','1','1','10','1','1','1','1','5','33.33','1','1','1','1','5','33.33','70','70','70','70.00','88','560000','70','70','70','70.00','88','560000','70','70','70','70.00','88','560000','87.50','70','70','70','70.00','88','560000','70','70','70','70.00','88','560000','70','70','70','70.00','88','560000','87.50','1','1'),('98bf101262c5c997c5af4e4c1d30635dba6a5c72bba0ff748e39230b2322776c','8','2','6','4','0','0','4','0','5','1','4','0','0','17','1','1','1','4','9','60.00','2','3','0','1','7','46.67','1','0','0','0.33','0','36663','1','0','0','0.33','0','36663','0','0','0','0.00','0','0','0.02','0','0','0','0.00','0','0','0','0','0','0.00','0','0','0','0','0','0.00','0','0','0.00','2','1'),('9c1021db4278faa8425521bac80a49fb018831e53b8e994f68d1064a6a2057a8','10','3','7','10','6','1','3','0','2','0','0','0','2','22','0','0','0','0','0','0.00','0','0','0','0','0','0.00','0','0','0','0.00','0','0','0','0','0','0.00','0','0','0','0','0','0.00','0','0','0.00','0','0','0','0.00','0','0','0','0','0','0.00','0','0','0','0','0','0.00','0','0','0.00','0','0'),('ba5c13cb792e66c961fe66a88ff2d1e3040dd60709de0415cbc838c467839179','0','0','0','0','0','0','0','0','0','0','0','0','0','0','2','0','3','3','10','66.67','3','2','3','3','14','93.33','51.5','51.5','51.5','51.50','59','453200','86.0','86.0','86.0','86.00','98','756800','88.5','88.5','88.5','88.50','101','778800','85.61','55.0','55.0','55.0','55.00','63','484000','86.0','86.0','86.0','86.00','98','756800','82.0','82.0','82.0','82.00','93','721600','84.47','2','3'),('bb05edd7f284cce274705f3449ef3cda057fded625fbf322cbf3e12cc3a44302','0','0','0','6','1','0','2','3','13','2','2','5','4','19','2','0','3','3','11','73.33','3','1','3','2','12','80.00','88','86','87.5','87.17','94','810681','76.5','74','79','76.50','82','711450','68','68.5','66','67.50','73','627750','82.86','84','83.25','81','82.75','89','769575','74','73.75','76','74.58','80','693594','71','74.25','73','72.75','78','676575','82.47','3','3'),('d13b0aa35955fff697be0bfeb21fb1629732c72103914b4f398ceea3f8d4261d','0','0','0','21','3','5','6','7','17','4','3','7','3','38','3','3','3','3','15','100.00','2','2','3','3','13','86.67','65','65','67','65.67','66','656700','100','90','97','95.67','96','956700','87','90','97','91.33','91','913300','84.22','68','69','65','67.33','67','673300','94','98.5','100','97.50','98','975000','96.5','102','100.5','99.67','100','996700','88.17','3','3'),('dfa6be04d498a669a5475bd8e3fa3e1909ff4c235edeacb173ec29fa4e0a8f60','166','78','88','252','8','78','89','77','28','7','7','7','7','446','0','0','0','0','0','0','0','0','0','0','0','0','0','0','0','0','0','0','0','0','0','0','0','0','0','0','0','0','0','0','0','0','0','0','0','0','0','0','0','0','0','0','0','0','0','0','0','0','0','0','0','0');
/*!40000 ALTER TABLE `Balance` ENABLE KEYS */;
UNLOCK TABLES;

--
-- Table structure for table `BodyComposition`
--

DROP TABLE IF EXISTS `BodyComposition`;
/*!40101 SET @saved_cs_client     = @@character_set_client */;
/*!40101 SET character_set_client = utf8 */;
CREATE TABLE `BodyComposition` (
  `id` varchar(255) NOT NULL DEFAULT '',
  `height` varchar(10) DEFAULT NULL,
  `weight` varchar(10) DEFAULT NULL,
  `bmi` varchar(10) DEFAULT NULL,
  `bp` varchar(10) DEFAULT NULL,
  `rhr` varchar(10) DEFAULT NULL,
  `neck` varchar(10) DEFAULT NULL,
  `chest` varchar(10) DEFAULT NULL,
  `waist` varchar(10) DEFAULT NULL,
  `abdomen` varchar(10) DEFAULT NULL,
  `armr` varchar(10) DEFAULT NULL,
  `arml` varchar(10) DEFAULT NULL,
  `forearmr` varchar(10) DEFAULT NULL,
  `forearml` varchar(10) DEFAULT NULL,
  `buttocks` varchar(10) DEFAULT NULL,
  `midthighr` varchar(10) DEFAULT NULL,
  `midthighl` varchar(10) DEFAULT NULL,
  `calfr` varchar(10) DEFAULT NULL,
  `calfl` varchar(10) DEFAULT NULL,
  `foot` varchar(10) DEFAULT NULL,
  `knee` varchar(10) DEFAULT NULL,
  `asis` varchar(10) DEFAULT NULL,
  `shoulder` varchar(10) DEFAULT NULL,
  `abdomen2` varchar(10) DEFAULT NULL,
  `triceps` varchar(10) DEFAULT NULL,
  `chest2` varchar(10) DEFAULT NULL,
  `midaxillary` varchar(10) DEFAULT NULL,
  `subscapular` varchar(10) DEFAULT NULL,
  `suprailiac` varchar(10) DEFAULT NULL,
  `thigh` varchar(10) DEFAULT NULL,
  `sum7` varchar(10) DEFAULT NULL,
  `sum31` varchar(10) DEFAULT NULL,
  `sum32` varchar(10) DEFAULT NULL,
  `bd1` varchar(10) DEFAULT NULL,
  `bd2` varchar(10) DEFAULT NULL,
  `bd3` varchar(10) DEFAULT NULL,
  `bf1` varchar(10) DEFAULT NULL,
  `bf2` varchar(10) DEFAULT NULL,
  `bf3` varchar(10) DEFAULT NULL,
  `bf` varchar(10) DEFAULT NULL,
  `fm` varchar(10) DEFAULT NULL,
  `lbm` varchar(10) DEFAULT NULL,
  `circumference` varchar(10) DEFAULT NULL,
  `wthr` varchar(10) DEFAULT NULL,
  `bmr` varchar(10) DEFAULT NULL,
  `act_level` varchar(10) DEFAULT NULL,
  `tdee` varchar(10) DEFAULT NULL,
  `hrm` varchar(10) DEFAULT NULL,
  PRIMARY KEY (`id`)
) ENGINE=InnoDB DEFAULT CHARSET=latin1;
/*!40101 SET character_set_client = @saved_cs_client */;

--
-- Dumping data for table `BodyComposition`
--

LOCK TABLES `BodyComposition` WRITE;
/*!40000 ALTER TABLE `BodyComposition` DISABLE KEYS */;
INSERT INTO `BodyComposition` VALUES ('03a4e1d62065e4343e8016e20ee2cf70ea4ae5b46348b5a3f8ba9083ce0ae13d','67.25','178.8','27.85','110/82','60','34','116.5','85.25','97','34.5','34.5','26','26','110','61','61','38','39','20','49.5','99','48','57','32.6','42.0','39.6','41.2','36.2','57.8','306.40','126.600000','125.800000','1.00','1.00','1.01','43.68','41.52','39.52','41.57','74.33','104.47','762.75','0.78','1395.68','1.55','2163.30','161'),('0af98cdd6d6dcb74b4daa675e76bb71c07dbabc3447baae79038d7ca8dd9e1c8','75','202','25.30','118/77','62','41.91','114.30','83.82','76.20','43.18','43.18','33.02','33.02','101.60','55.88','55.88','48.26','48.26','33.02','50.80','102.01','106.68','20','8','6','17','19','19','10','99.00','36','33','1.07','1.07','1.07','14.87','11.53','13.95','13.45','27.17','174.83','778.51','0.82','2086.53','1.55','3234.12','188'),('109358c4d9e2e0f5c569ce8ee1888e1f2c4209530ec6b16b15347e02b328e174','70','160','23.01','0','80','0','0','0','0','0','0','0','0','0','0','0','0','0','0','0','90','0','0','0','0','0','0','0','0','0','0','0','0.00','0.00','0.00','0.00','0.00','0.00','0.00','0.00','160.00','0','0','1940.91','1.2','2329.09','170'),('12b1ef560e8edabbcb8f473c397dcd77e3a6ef4fe70c4c653e1d78fbd9ace6ac','66','140','22.64','120-90','80','12.6','37','30','33','10','10.6','8.6','8.56','36','21','21','14.7','15','10','16','80','16','24.8','21.8','18.2','17.6','15','16','29','142.40','72','55','1.05','1.05','1.05','19.74','20.65','20.99','20.46','28.64','111.36','258.06','0.83','1463.33','1.2','1756.00','192'),('18baed62563a6377b7c8d16de3d4173741a8b9e01fb1ef465b60d421364fd808','65','193.8','32.32','117/83','55','39','107','98','116','34','34','29','25.25','104.25','59.5','59','39','39','26','43','89','52.5','55.2','11.8','18.6','31.2','42','51.4','21.6','231.80','95.4','72.4','1.03','1.04','1.04','29.71','27.33','26.58','27.88','54.02','139.78','783','0.94','1742.35','1.55','2700.65','181'),('1c97e454b89100ab96b2890214f8f8fe0ae19063a9cab4c62f8703ca65ba10b3','0','0','0','0','0','0','0','0','0','0','0','0','0','0','0','0','0','0','0','0','0','0','0','0','0','0','0','0','0','0','0','0','0','0','0','0','0','0','0','0','0','0','0','0','0','0','0'),('1e8079d2894eca96b66d0a254fc1dddc9d770c5e1d23811bd755938fb782cd56','12','12','58.71','12-12','12','0','0','0','0','0','0','0','0','0','0','0','0','0','0','0','12','0','0','0','0','0','0','0','0','0','0','0','0.00','0.00','0.00','0.00','0.00','0.00','0.00','0.00','12.00','0','0','0.00','1.2','0.00','221'),('210e8740120ca6c1f392114605c6dad6a68dcb8322da5eede4c694f37e1e3a37','61.75','130.8','24.17','118/72','68','31.5','88.0','74.25','80.75','25.0','26.0','21.25','21.5','97.0','52.0','52.5','34.5','35.0','26','37','84','52','38.2','12.2','10.2','25.6','26.2','22.0','28.8','163.20','63','72.4','1.03','1.04','1.03','29.21','24.68','28.47','27.45','35.91','94.89','639.25','0.77','1301.65','1.375','1789.77','184'),('2fe761db49838c057569fe5dad57c67a7192e7667dee600f9ad53cc3ce4583b2','0','130','0','0','70','0','0','0','0','0','0','0','0','0','0','0','0','0','0','0','80.01','0','0','0','0','0','0','0','0','0','0','0','0.00','0.00','0.00','0.00','0.00','0.00','0.00','0.00','130.00','0','0','0.00','1.2','0.00','154'),('31bcabcb23cf5da696cb1978d386d1eaab3e4c623907fc7f000d0f9baafe90c3','61.75','130.8','24.17','111/84','74','31.75','88.0','73.0','77.75','24.5','25.25','21.25','21.75','96.0','52.5','52.0','33.75','35.0','26','37','84','52','28.8','11.0','10.6','17.8','24.6','20.2','24.4','137.40','55.5999999','60','1.04','1.05','1.04','25.89','22.45','25.33','24.56','32.12','98.68','632.5','0.76','1338.84','1.375','1840.91','184'),('383d310cd0c88a9f5397f2e469279c10b6c4311d61ee352b1917ae6c232ffae5','61','153','28.97','120/80','80','37.5','105','86.5','94','31.5','32.5','25','25','100.5','55.5','54','38','37','28','38','88.5','50','44.4','20.2','22','43.4','36.4','31.8','30.5','228.70','82.5','96.4','1.01','1.02','1.02','38.10','31.89','34.99','34.99','53.54','99.46','722','0.86','1346.54','1.55','2087.13','154'),('3a343f79cd94e7fe5346b1235cf61768f9bb4ff8b96ea8d403e2af538b4b7fb9','1','1','704.55','1-1','1','1','0','0','1','1','0','0','1','1','0','0','0','0','0','0','1','0','0','1','1','1','0','1','1','0','3','0','0.00','1.10','0.00','0.00','2.52','0.00','0.84','0.01','0.99','0','0','379.74','1.725','655.04','221'),('3c53c3844600c2b471f925b7116134d56fbf72d05fc22e2674e6d8a92afe4f8c','73','182','24.06','120-180','89','43.18','91.44','81.28','96.52','43.18','44.20','30.48','31.75','101.60','106.68','111.76','50.80','53.34','25.40','45.72','95.00','50.80','19','18','10','7','16','8','4','82.00','33','44','1.07','1.07','1.05','14.78','12.62','19.82','15.74','28.64','153.36','886.21','0.80','1875.71','1.375','2579.10','169'),('467e551b74856f1efa319fd479733ecdc8b1b70618b60c10a5facab21563bf75','0','167','0','0','67','0','0','0','0','0','0','0','0','0','0','0','0','0','0','0','34.01','0','0','0','0','0','0','0','0','0','0','0','0.00','0.00','0.00','0.00','0.00','0.00','0.00','0.00','167.00','0','0','2009.64','1.2','2411.56','202'),('4777bc23a31900b2ee0662e8af4ea9a9c2e01758d66b024ae9d3916813d074dc','63','130','23.08','122/78','70','34.92','101.60','60.96','71.12','25.40','25.40','20.32','20.32','83.82','76.20','76.20','45.72','45.72','22.86','45.72','81','50.80','19','8','16','28','22','17','10','120.00','35','44','1.04','1.06','1.05','23.24','15.54','20.68','19.82','25.76','104.24','687.7','0.73','1393.40','1.55','2159.77','189'),('83deeceb26bbc0ee6c609107f84f9c927c1f3d6b48afb0955f63a540f995d394','45','356','123.86','45-34','57','34','0','0','678','0','0','0','0','0','0','0','0','0','0','0','45','0','0','0','0','0','0','0','0','0','0','0','0.00','0.00','0.00','0.00','0.00','0.00','0.00','0.00','356.00','0','0','0.00','1.725','0.00','197'),('905cd91ea7d37e7f1a12528bea6aa13244c9694714c00455c026aacc5980f580','63','133','23.61','143/90','79','34.4','90.5','75.5','85','28','28','22.5','23.5','91','55','55','37','36.5','26','41','88','54','33.6','15.8','19.0','39.4','11.8','39.2','49.0','207.80','104','88.6','1.02','1.01','1.02','35.88','37.11','33.32','35.44','47.13','85.87','661.9','0.83','1213.05','1.375','1667.94','156'),('937cc5fd23dc05606fdd0186d943c45332f5c54f4978616fafa115723e3d6a35','8','120','1321.03','8','80','8','8','8','8','8','8','8','8','8','8','8','8','8','8','8','80','8','8','8','8','8','8','8','8','56.00','24','24','1.07','1.07','1.07','13.51','11.76','14.53','13.27','15.92','104.08','104','1.00','1391.88','1.2','1670.26','189'),('98bf101262c5c997c5af4e4c1d30635dba6a5c72bba0ff748e39230b2322776c','0','0','0','0','0','0','0','0','0','0','0','0','0','0','0','0','0','0','0','0','0','0','0','0','0','0','0','0','0','0','0','0','0','0','0','0','0','0','0','0','0','0','0','0','0','0','0'),('9c1021db4278faa8425521bac80a49fb018831e53b8e994f68d1064a6a2057a8','0','160','0','0','80','0','0','0','0','0','0','0','0','0','0','0','0','0','0','0','70','0','0','0','0','0','0','0','0','0','0','0','0.00','0.00','0.00','0.00','0.00','0.00','0.00','0.00','160.00','0','0','1940.91','1.2','2329.09','170'),('ba5c13cb792e66c961fe66a88ff2d1e3040dd60709de0415cbc838c467839179','63','133','23.61','143/90','79','34.5','90.5','75.5','85','28','28','23.5','22.5','91','55','55','37','36.5','26','41','88','54','33.6','15.8','19.0','39.4','11.8','39.2','49.0','207.80','104','88.6','1.02','1.01','1.02','0.00','0.00','0.00','0.00','0.00','133.00','662','0.83','0.00','1.375','0.00','156'),('bb05edd7f284cce274705f3449ef3cda057fded625fbf322cbf3e12cc3a44302','72','190','25.82','120/80','64','35.56','66.04','81.28','91.44','45.72','45.72','35.56','35.56','254.00','55.88','55.88','45.72','45.72','30.48','38.10','92.99','50.80','20','16','8','12','19','19','12','106.00','40','43','1.06','1.07','1.06','15.66','12.55','17.47','15.23','28.93','161.07','894.08','0.32','1951.40','1.55','3024.67','189'),('d10f828f605e18ae9459011da67b701b3db2f7c11b7c75ce71211a2e0851b9bf','63.5','142.5','24.90','109/70','73','31.5','92','72','93','29.25','29.0','22.0','22.0','103','56.75','57.75','37.0','37.0','24','40','92','55.0','22.5','23.6','21.6','23.9','16.6','21.2','82.2','211.60','127','67.3','1.01','1.00','1.03','36.28','41.89','28.38','35.52','50.62','91.88','682.25','0.70','1272.14','1.375','1749.19','156'),('d13b0aa35955fff697be0bfeb21fb1629732c72103914b4f398ceea3f8d4261d','0','0','0','0','0','0','0','0','0','0','0','0','0','0','0','0','0','0','0','0','0','0','0','0','0','0','0','0','0','0','0','0','0','0','0','0','0','0','0','0','0','0','0','0','0','0','0');
/*!40000 ALTER TABLE `BodyComposition` ENABLE KEYS */;
UNLOCK TABLES;

--
-- Table structure for table `CardiopulmonaryFitness`
--

DROP TABLE IF EXISTS `CardiopulmonaryFitness`;
/*!40101 SET @saved_cs_client     = @@character_set_client */;
/*!40101 SET character_set_client = utf8 */;
CREATE TABLE `CardiopulmonaryFitness` (
  `id` varchar(255) NOT NULL DEFAULT '',
  `ymca` varchar(10) DEFAULT NULL,
  `aphrm` varchar(10) DEFAULT NULL,
  `ghrm` varchar(10) DEFAULT NULL,
  `thr` varchar(10) DEFAULT NULL,
  `hrm` varchar(10) DEFAULT NULL,
  `sp60` varchar(10) DEFAULT NULL,
  `sp120` varchar(10) DEFAULT NULL,
  `aphrm50` varchar(20) DEFAULT NULL,
  `aphrm60` varchar(20) DEFAULT NULL,
  `aphrm70` varchar(20) DEFAULT NULL,
  `aphrm80` varchar(20) DEFAULT NULL,
  `aphrm90` varchar(20) DEFAULT NULL,
  `sp60_pre` varchar(10) DEFAULT NULL,
  `sp120_pre` varchar(10) DEFAULT NULL,
  `hrm_w` varchar(10) DEFAULT NULL,
  PRIMARY KEY (`id`)
) ENGINE=InnoDB DEFAULT CHARSET=latin1;
/*!40101 SET character_set_client = @saved_cs_client */;

--
-- Dumping data for table `CardiopulmonaryFitness`
--

LOCK TABLES `CardiopulmonaryFitness` WRITE;
/*!40000 ALTER TABLE `CardiopulmonaryFitness` DISABLE KEYS */;
INSERT INTO `CardiopulmonaryFitness` VALUES ('03a4e1d62065e4343e8016e20ee2cf70ea4ae5b46348b5a3f8ba9083ce0ae13d','42.8','161','167.37','130.70','136.85','140','130','80.50','96.60','112.70','128.80','144.90','150','150','161.00'),('0af98cdd6d6dcb74b4daa675e76bb71c07dbabc3447baae79038d7ca8dd9e1c8','44.25','188','185.46','150.20','159.80','100','80','94.00','112.80','131.60','150.40','169.20','158','158','188.00'),('12b1ef560e8edabbcb8f473c397dcd77e3a6ef4fe70c4c653e1d78fbd9ace6ac','50','192','188.14','158.40','163.20','116','101','96.00','115.20','134.40','153.60','172.80','157','157','192.00'),('1c97e454b89100ab96b2890214f8f8fe0ae19063a9cab4c62f8703ca65ba10b3','112','0','0','0','0','12','12','0','0','0','0','0','12','12','0'),('210e8740120ca6c1f392114605c6dad6a68dcb8322da5eede4c694f37e1e3a37','28.9','184','182.78','149.20','156.40','110','98','92.00','110.40','128.80','147.20','165.60','157','157','184.00'),('31bcabcb23cf5da696cb1978d386d1eaab3e4c623907fc7f000d0f9baafe90c3','25.3','184','182.78','151.00','156.40','129','120','92.00','110.40','128.80','147.20','165.60','154','154','184.00'),('383d310cd0c88a9f5397f2e469279c10b6c4311d61ee352b1917ae6c232ffae5','29.8','154','162.68','131.80','130.90','104','96','77.00','92.40','107.80','123.20','138.60','131','131','154.00'),('3c53c3844600c2b471f925b7116134d56fbf72d05fc22e2674e6d8a92afe4f8c','0','0','0','0','0','0','0','0','0','0','0','0','0','0','0'),('4377a9a8baf1ca17b6221f1922a1e859acd1df0d3c21787f096b5eefe89309e3','88','202','194.84','165.40','171.70','120','110','101.00','121.20','141.40','161.60','181.80','140','140','202.00'),('4777bc23a31900b2ee0662e8af4ea9a9c2e01758d66b024ae9d3916813d074dc','40.23','189','186.13','153.30','160.65','98','90','94.50','113.40','132.30','151.20','170.10','130','130','189.00'),('71343d8a1755ff909d2a832be77bc5c7a3820dfb2b41d0208001b4175959c573','31.43','149','159.33','125.30','126.65','120','118','74.50','89.40','104.30','119.20','134.10','126','126','149.00'),('905cd91ea7d37e7f1a12528bea6aa13244c9694714c00455c026aacc5980f580','20.20','156','164.02','132.90','132.60','110','109','78.00','93.60','109.20','124.80','140.40','136','136','156.00'),('937cc5fd23dc05606fdd0186d943c45332f5c54f4978616fafa115723e3d6a35','41.00','189','186.13','156.30','160.65','110','100','94.50','113.40','132.30','151.20','170.10','130','130','189.00'),('98bf101262c5c997c5af4e4c1d30635dba6a5c72bba0ff748e39230b2322776c','0','0','0','0','0','0','0','0','0','0','0','0','0','0','0'),('9c1021db4278faa8425521bac80a49fb018831e53b8e994f68d1064a6a2057a8','0','170','173.40','143.00','144.50','0','0','85.00','102.00','119.00','136.00','153.00','0','0','170.00'),('ba5c13cb792e66c961fe66a88ff2d1e3040dd60709de0415cbc838c467839179','20.20','156','164.02','132.90','132.60','110','109','78.00','93.60','109.20','124.80','140.40','136','136','156.00'),('bb05edd7f284cce274705f3449ef3cda057fded625fbf322cbf3e12cc3a44302','31.25','189','186.13','151.50','160.65','100','88','94.50','113.40','132.30','151.20','170.10','130','130','189.00'),('d13b0aa35955fff697be0bfeb21fb1629732c72103914b4f398ceea3f8d4261d','20.0','154','162.68','127.00','130.90','96','87','77.00','92.40','107.80','123.20','138.60','133','133','154.00'),('dfa6be04d498a669a5475bd8e3fa3e1909ff4c235edeacb173ec29fa4e0a8f60','45','0','0','0','0','77','99','0','0','0','0','0','66','66','0');
/*!40000 ALTER TABLE `CardiopulmonaryFitness` ENABLE KEYS */;
UNLOCK TABLES;

--
-- Table structure for table `General`
--

DROP TABLE IF EXISTS `General`;
/*!40101 SET @saved_cs_client     = @@character_set_client */;
/*!40101 SET character_set_client = utf8 */;
CREATE TABLE `General` (
  `id` varchar(255) NOT NULL,
  `weight` varchar(10) DEFAULT NULL,
  `rhr` varchar(10) DEFAULT NULL,
  `asis` varchar(10) DEFAULT NULL,
  `height` varchar(10) DEFAULT NULL,
  `bp` varchar(10) DEFAULT NULL,
  PRIMARY KEY (`id`)
) ENGINE=InnoDB DEFAULT CHARSET=latin1;
/*!40101 SET character_set_client = @saved_cs_client */;

--
-- Dumping data for table `General`
--

LOCK TABLES `General` WRITE;
/*!40000 ALTER TABLE `General` DISABLE KEYS */;
INSERT INTO `General` VALUES ('00229421b37e757704582f8fe039f88dfdc0a54c7a22d26c74da9ff126488557','140','80','80.01',NULL,'80-100'),('03a4e1d62065e4343e8016e20ee2cf70ea4ae5b46348b5a3f8ba9083ce0ae13d','178.8','60','99',NULL,'80-100'),('0af98cdd6d6dcb74b4daa675e76bb71c07dbabc3447baae79038d7ca8dd9e1c8','202','62','102',NULL,'80-100'),('109358c4d9e2e0f5c569ce8ee1888e1f2c4209530ec6b16b15347e02b328e174','160','80','90',NULL,'80-100'),('12b1ef560e8edabbcb8f473c397dcd77e3a6ef4fe70c4c653e1d78fbd9ace6ac','140','80','80','60','80-100'),('18baed62563a6377b7c8d16de3d4173741a8b9e01fb1ef465b60d421364fd808','193.8','55','89',NULL,'80-100'),('1c97e454b89100ab96b2890214f8f8fe0ae19063a9cab4c62f8703ca65ba10b3','23','44','33','33','22-34'),('1e8079d2894eca96b66d0a254fc1dddc9d770c5e1d23811bd755938fb782cd56','177373','173','173737','1737383','177373-167'),('210e8740120ca6c1f392114605c6dad6a68dcb8322da5eede4c694f37e1e3a37','130.8','68','84',NULL,'80-100'),('2a2f08761f095e5eeef4ff17e65247896a118588c27c37f75814a6b017fff4b3','140','90','88',NULL,'80-100'),('2fe761db49838c057569fe5dad57c67a7192e7667dee600f9ad53cc3ce4583b2','130','70','80',NULL,'80-100'),('31bcabcb23cf5da696cb1978d386d1eaab3e4c623907fc7f000d0f9baafe90c3','130.8','74','84',NULL,'80-100'),('377b6040cf0e2a6c0bf56cb86607401489969fc8f8adc6f3ba3dc268f2325346','200','60','100',NULL,'80-100'),('383d310cd0c88a9f5397f2e469279c10b6c4311d61ee352b1917ae6c232ffae5','153','80','88.5',NULL,'80-100'),('3a343f79cd94e7fe5346b1235cf61768f9bb4ff8b96ea8d403e2af538b4b7fb9','1','1','1','1','1-1'),('3c53c3844600c2b471f925b7116134d56fbf72d05fc22e2674e6d8a92afe4f8c','182','89','95','73','120-180'),('4377a9a8baf1ca17b6221f1922a1e859acd1df0d3c21787f096b5eefe89309e3','140','80','88',NULL,'80-100'),('467e551b74856f1efa319fd479733ecdc8b1b70618b60c10a5facab21563bf75','167','67','34.01',NULL,'80-100'),('4777bc23a31900b2ee0662e8af4ea9a9c2e01758d66b024ae9d3916813d074dc','130','70','81',NULL,'80-100'),('5cb3df5f6b027eeced8b7d5dccd688c655194b95968cb8ab325426fecf1c0786','245','556','56','45','123-67'),('62204aa9ca13f255e6603ec5ed7140e671e39634aa9678198496718abbce09d1','169','57','12','67','80-100'),('71343d8a1755ff909d2a832be77bc5c7a3820dfb2b41d0208001b4175959c573','172','70','100',NULL,'80-100'),('81822622b5c9121e04c54de159a8f01ee1952ff8043624df28034428203cd1ba','195.00','72','81',NULL,'80-100'),('83deeceb26bbc0ee6c609107f84f9c927c1f3d6b48afb0955f63a540f995d394','356','57','45','45','45-34'),('8a3d243c2dfc9856d889e6b30a57af8240a7547161ae52864af030a694eb20dd','456','566','46','456','80-100'),('905cd91ea7d37e7f1a12528bea6aa13244c9694714c00455c026aacc5980f580','133','79','88',NULL,'80-100'),('937cc5fd23dc05606fdd0186d943c45332f5c54f4978616fafa115723e3d6a35','120','80','80',NULL,'80-100'),('98bf101262c5c997c5af4e4c1d30635dba6a5c72bba0ff748e39230b2322776c','1111','1111','1111','1111','11111-1111'),('9c1021db4278faa8425521bac80a49fb018831e53b8e994f68d1064a6a2057a8','160','80','70',NULL,'80-100'),('9f934f4fa171b04fda31dae46b93166ffbe8ecfc63d4e7f7bd25bfa4091b82ee','180','60','100',NULL,'80-100'),('a1b606131ae8cb6442d7d7c2279d1dfda0535b5497334d06aa98cdb4a10713a7','175','60','95',NULL,'80-100'),('ba5c13cb792e66c961fe66a88ff2d1e3040dd60709de0415cbc838c467839179','133','79','88',NULL,'80-100'),('bb05edd7f284cce274705f3449ef3cda057fded625fbf322cbf3e12cc3a44302','190','64','93',NULL,'80-100'),('c9df4f5578026e0cc04a5c062ca1f65b4fbe3a89c82b61074354b71582a8897a','120','80','80',NULL,'80-100'),('d10f828f605e18ae9459011da67b701b3db2f7c11b7c75ce71211a2e0851b9bf','142.5','73','92',NULL,'80-100'),('d13b0aa35955fff697be0bfeb21fb1629732c72103914b4f398ceea3f8d4261d','321','321','321','321','2-2'),('d3030bcc85edb14b877ca0f1b49ea0e6cf52aeb93fe30373729850be7c22af76','130','72','80',NULL,'80-100'),('d34909fca7aec6638824567ddc5970575e37123e8c45f549d211ab2784dfc1e4','0.02','0.02','0.02',NULL,'80-100'),('dfa6be04d498a669a5475bd8e3fa3e1909ff4c235edeacb173ec29fa4e0a8f60','33','2','33','33','12-2');
/*!40000 ALTER TABLE `General` ENABLE KEYS */;
UNLOCK TABLES;

--
-- Table structure for table `History`
--

DROP TABLE IF EXISTS `History`;
/*!40101 SET @saved_cs_client     = @@character_set_client */;
/*!40101 SET character_set_client = utf8 */;
CREATE TABLE `History` (
  `test_id` varchar(255) NOT NULL DEFAULT '',
  `user` varchar(50) DEFAULT NULL,
  `date` varchar(50) DEFAULT NULL,
  PRIMARY KEY (`test_id`)
) ENGINE=InnoDB DEFAULT CHARSET=latin1;
/*!40101 SET character_set_client = @saved_cs_client */;

--
-- Dumping data for table `History`
--

LOCK TABLES `History` WRITE;
/*!40000 ALTER TABLE `History` DISABLE KEYS */;
INSERT INTO `History` VALUES ('1c97e454b89100ab96b2890214f8f8fe0ae19063a9cab4c62f8703ca65ba10b3','aa','01/10/2020'),('1d23b8a49eacfa60e1bf20e21e6b4d912ec8d2920e6a6713f2811450e605d7fb','jenny','01/10/2020'),('1e8079d2894eca96b66d0a254fc1dddc9d770c5e1d23811bd755938fb782cd56','aa','01/10/2020'),('2a6c088c2f6809e29e932fe9c005b9d2ce5c6fb12440d1eadd454d860cff6c1c','jenny','11/19/2019'),('38c989581919620f1f3f6de0debf4102dfc9b562299750b977d7a9df6cc50541','jenny','11/19/2019'),('3a343f79cd94e7fe5346b1235cf61768f9bb4ff8b96ea8d403e2af538b4b7fb9','Kim','01/13/2020'),('3c53c3844600c2b471f925b7116134d56fbf72d05fc22e2674e6d8a92afe4f8c','Willy','01/10/2020'),('526d43598cc67e35d01e82c3ebb08ab58d7619871a2098b1ac497469e52b6570','Mish','11/14/2019'),('56d10a68871e5372a16dd9cebe0582c64df5b4caee725d3f51e34bc6379d8486','Mish','11/14/2019'),('5a5a449d81f9ce756f68904d263f58bdd37d6792f9714c77b589905e598cb1fd','jenny','11/15/2019'),('5cb3df5f6b027eeced8b7d5dccd688c655194b95968cb8ab325426fecf1c0786','aa','01/10/2020'),('6231d4b01f0d75d87a5a78429dbb13b4f5dab66afc50e7fa9b0db776ff416c90','Willy','10/20/2019'),('62fc0e2b034cb4660c41590891ea8dbd84e10ca0265f614c7e895d3f9e2d23f5','TestM','11/15/2019'),('68917ae3cafb98f9039f1a472c5db2b0ca39cc65f0f97a5e32a37826e1d43813','Willy','12/29/2019'),('6e478aaa6c18f0e9dd2b31f3749837805e0474fa3321f749647a311e63e77be9','Willy','12/29/2019'),('6f56b1a6dbbad5a1a8314666cfd66312a3785f50de23f9d35547f17cd59dc440','jenny','11/14/2019'),('83deeceb26bbc0ee6c609107f84f9c927c1f3d6b48afb0955f63a540f995d394','adc','01/10/2020'),('862279898a84b38d80d92b3d127646a302ba266deadb78e0df4f41efff866674','aa','01/10/2020'),('86c77951fc68807b2762bc6aac1592b97dbc3b8bd0992f702dff578616ff217e','adc','01/10/2020'),('8a3d243c2dfc9856d889e6b30a57af8240a7547161ae52864af030a694eb20dd','jenny','10/20/2019'),('8d2f4fee559669b1b8c0ce15195ec5e126c3eee12de0404a53d51961a1428260','Willy','01/08/2020'),('98bf101262c5c997c5af4e4c1d30635dba6a5c72bba0ff748e39230b2322776c','TestM','10/20/2019'),('ae6dda55f062dcb1f36b513da19a364b52123367f5dc115a2a40fc3026e5c982','redleo','10/20/2019'),('c4441fa882c5eafa241289eff226a04e19ddddacbfde80f8479af5d56971c403','Male1','10/20/2019'),('cffe5131ab8f18312f1598baed20facc9af606822dd66d34d621e3e877a67899','jenny','11/15/2019'),('d13b0aa35955fff697be0bfeb21fb1629732c72103914b4f398ceea3f8d4261d','TestM','10/20/2019'),('d169332c4b76e076eca339de5e444900fded3476e8fc6a9b761c9d2977d9b29b','aa','01/10/2020'),('da464f06d9e4ff5875be20ded05e7ca7622eda7d670086012b227d93bacd578a','justin','2019-06-18'),('df208275edcb4e31495436a736332f8970938021fa689e79deaaa276a76a7e3e','aa','01/13/2020'),('df2d30af3ee37ee43161500a5e6533e06e4cec59fbc9e4a57a8d5f2f5a2a4091','Mish','10/20/2019'),('dfa6be04d498a669a5475bd8e3fa3e1909ff4c235edeacb173ec29fa4e0a8f60','aa','01/10/2020'),('e34feeb4b140c98b7dd6fdcfb617beee2859fd512a5e4e6105c2e73305ea5ce7','bb','01/10/2020'),('e3bc20c03680b6e466b20b6317c180547d25146ebdb9b7303c78e82b67043176','greg','10/20/2019'),('ea7b38403a32b82681fe9a7514ae360d8b753aa5d704813f43bbff3ff510b818','TestF','10/20/2019'),('eb41d9700cced7121eac4e3593f8efd89a10eac24c5dcc0b5416845590a8b54c','adc','01/10/2020'),('f443c908aac321c88f8311068848ae31b213fb501cc9f70c17ec5c82b7049209','aa','01/12/2020'),('f6404aeded08fa21d98db142b803ce7bab023336ad7d8b74a35e4f3993332ce9','Willy','01/03/2020'),('f75bf2d1067b6b31ffca3ddd6c798ba6202b9a3934d8d9a331f840917b4b3e5f','ma','01/09/2020'),('f7b596960ce3a83d45290f4ffb1e74b77cfb780ec03d262338d6cb8c0a8e02a4','TestM','11/13/2019'),('fe7bacb39015ebb22e9889f5139cb082bb4ddb8ea9a86db349541a663a460b14','TestM','11/13/2019');
/*!40000 ALTER TABLE `History` ENABLE KEYS */;
UNLOCK TABLES;

--
-- Table structure for table `MuscularFitness`
--

DROP TABLE IF EXISTS `MuscularFitness`;
/*!40101 SET @saved_cs_client     = @@character_set_client */;
/*!40101 SET character_set_client = utf8 */;
CREATE TABLE `MuscularFitness` (
  `id` varchar(255) NOT NULL DEFAULT '',
  `rmp` varchar(10) DEFAULT NULL,
  `bpwr` varchar(10) DEFAULT NULL,
  `rmp2` varchar(10) DEFAULT NULL,
  `pwr` varchar(10) DEFAULT NULL,
  `rml` varchar(10) DEFAULT NULL,
  `lpwr` varchar(10) DEFAULT NULL,
  `rhd` varchar(10) DEFAULT NULL,
  `lhd` varchar(10) DEFAULT NULL,
  `cd` varchar(10) DEFAULT NULL,
  `pu` varchar(10) DEFAULT NULL,
  `kpu` varchar(10) DEFAULT NULL,
  `pu2` varchar(10) DEFAULT NULL,
  `squ` varchar(10) DEFAULT NULL,
  PRIMARY KEY (`id`)
) ENGINE=InnoDB DEFAULT CHARSET=latin1;
/*!40101 SET character_set_client = @saved_cs_client */;

--
-- Dumping data for table `MuscularFitness`
--

LOCK TABLES `MuscularFitness` WRITE;
/*!40000 ALTER TABLE `MuscularFitness` DISABLE KEYS */;
INSERT INTO `MuscularFitness` VALUES ('03a4e1d62065e4343e8016e20ee2cf70ea4ae5b46348b5a3f8ba9083ce0ae13d','84','0.47','88','0.49','167','0.93','23.7','28.2','51.9','0','3','0','0'),('0af98cdd6d6dcb74b4daa675e76bb71c07dbabc3447baae79038d7ca8dd9e1c8','185','0.92','220','1.09','610','3.02','52.0','50.0','102','32','0','10','100'),('12b1ef560e8edabbcb8f473c397dcd77e3a6ef4fe70c4c653e1d78fbd9ace6ac','99.23','0.71','88.2','0.63','110.25','0.79','33','30','63','30','50','40','40'),('1c97e454b89100ab96b2890214f8f8fe0ae19063a9cab4c62f8703ca65ba10b3','1','0.04','2','0.09','3','0.13','4','5','9','0','6','7','8'),('210e8740120ca6c1f392114605c6dad6a68dcb8322da5eede4c694f37e1e3a37','115.38','0.88','90','0.69','250','1.91','28.7','28.8','57.5','0','20','0','0'),('2a2f08761f095e5eeef4ff17e65247896a118588c27c37f75814a6b017fff4b3','0','NaN','0','NaN','0','NaN','0','0','NaN','0','0','0','0'),('31bcabcb23cf5da696cb1978d386d1eaab3e4c623907fc7f000d0f9baafe90c3','115.38','0.88','108','0.83','240','1.83','27.5','25.25','52.75','0','22','0','0'),('383d310cd0c88a9f5397f2e469279c10b6c4311d61ee352b1917ae6c232ffae5','30','0.20','19','0.12','0','0.00','028.3','026.2','54.5','0','8','0','0'),('4777bc23a31900b2ee0662e8af4ea9a9c2e01758d66b024ae9d3916813d074dc','100','0.77','100','0.77','220','1.69','28','30','58','0','19','19','30'),('81822622b5c9121e04c54de159a8f01ee1952ff8043624df28034428203cd1ba','0','0.00','0','0.00','0','0.00','37.0','30.3','67.3','0','12','0','0'),('905cd91ea7d37e7f1a12528bea6aa13244c9694714c00455c026aacc5980f580','77','0.58','82','0.62','200','1.50','26.8','21.9','48.7','0','8','0','0'),('937cc5fd23dc05606fdd0186d943c45332f5c54f4978616fafa115723e3d6a35','140','1.17','100','0.83','180','1.50','43','12','55','0','8','1','9'),('9f934f4fa171b04fda31dae46b93166ffbe8ecfc63d4e7f7bd25bfa4091b82ee','0','NaN','0','NaN','0','NaN','46.6','50','96.6','0','0','0','0'),('bb05edd7f284cce274705f3449ef3cda057fded625fbf322cbf3e12cc3a44302','225','1.18','215','1.13','220','1.16','52','49','101','27','27','25','30'),('c9df4f5578026e0cc04a5c062ca1f65b4fbe3a89c82b61074354b71582a8897a','80','0.67','70','0.58','60','0.50','40.07','40','80.07','20','30','40','30'),('d10f828f605e18ae9459011da67b701b3db2f7c11b7c75ce71211a2e0851b9bf','8','0.06','11','0.08','100','0.70','22.8','22.6','45.4000000','0','30','0','0'),('d13b0aa35955fff697be0bfeb21fb1629732c72103914b4f398ceea3f8d4261d','36.3','0.29','36.4','0.29','200','1.60','19.4','20.3','39.7','0','0','0','0'),('None','0','0','0','0','0','0','0','0','0','0','0','0','0');
/*!40000 ALTER TABLE `MuscularFitness` ENABLE KEYS */;
UNLOCK TABLES;

--
-- Table structure for table `RangeOfMotion`
--

DROP TABLE IF EXISTS `RangeOfMotion`;
/*!40101 SET @saved_cs_client     = @@character_set_client */;
/*!40101 SET character_set_client = utf8 */;
CREATE TABLE `RangeOfMotion` (
  `id` varchar(255) NOT NULL DEFAULT '',
  `fle` varchar(10) DEFAULT NULL,
  `ext` varchar(10) DEFAULT NULL,
  `slrr` varchar(10) DEFAULT NULL,
  `slrl` varchar(10) DEFAULT NULL,
  `th` varchar(10) DEFAULT NULL,
  `hin` varchar(10) DEFAULT NULL,
  `fler` varchar(10) DEFAULT NULL,
  `flel` varchar(10) DEFAULT NULL,
  `extr` varchar(10) DEFAULT NULL,
  `extl` varchar(10) DEFAULT NULL,
  `abdr` varchar(10) DEFAULT NULL,
  `abdl` varchar(10) DEFAULT NULL,
  `lrr` varchar(10) DEFAULT NULL,
  `lrl` varchar(10) DEFAULT NULL,
  `lrr_c` varchar(10) DEFAULT NULL,
  `lrl_c` varchar(10) DEFAULT NULL,
  `fle_c` varchar(10) DEFAULT NULL,
  `ext_c` varchar(10) DEFAULT NULL,
  `fler_a` varchar(10) DEFAULT NULL,
  `flel_a` varchar(10) DEFAULT NULL,
  `extr_a` varchar(10) DEFAULT NULL,
  `extl_a` varchar(10) DEFAULT NULL,
  `fler_w` varchar(10) DEFAULT NULL,
  `flel_w` varchar(10) DEFAULT NULL,
  `extr_w` varchar(10) DEFAULT NULL,
  `extl_w` varchar(10) DEFAULT NULL,
  `fler_e` varchar(10) DEFAULT NULL,
  `flel_e` varchar(10) DEFAULT NULL,
  `extr_e` varchar(10) DEFAULT NULL,
  `extl_e` varchar(10) DEFAULT NULL,
  `pror_e` varchar(10) DEFAULT NULL,
  `prol_e` varchar(10) DEFAULT NULL,
  `supr_e` varchar(10) DEFAULT NULL,
  `supl_e` varchar(10) DEFAULT NULL,
  `fler_k` varchar(10) DEFAULT NULL,
  `flel_k` varchar(10) DEFAULT NULL,
  `extr_k` varchar(10) DEFAULT NULL,
  `extl_k` varchar(10) DEFAULT NULL,
  `fler_h` varchar(10) DEFAULT NULL,
  `flel_h` varchar(10) DEFAULT NULL,
  `hypr_h` varchar(10) DEFAULT NULL,
  `hypl_h` varchar(10) DEFAULT NULL,
  `abdr_h` varchar(10) DEFAULT NULL,
  `abdl_h` varchar(10) DEFAULT NULL,
  PRIMARY KEY (`id`)
) ENGINE=InnoDB DEFAULT CHARSET=latin1;
/*!40101 SET character_set_client = @saved_cs_client */;

--
-- Dumping data for table `RangeOfMotion`
--

LOCK TABLES `RangeOfMotion` WRITE;
/*!40000 ALTER TABLE `RangeOfMotion` DISABLE KEYS */;
INSERT INTO `RangeOfMotion` VALUES ('03a4e1d62065e4343e8016e20ee2cf70ea4ae5b46348b5a3f8ba9083ce0ae13d','35','20','40','38','45','38','176','168','57','51','178','178','75','71','75','78','67','50','26','24','59','50','91','85','75','76','150','148','10','4','90','86','90','86','139','138','2','2','97','86','17','17','52','48.'),('12b1ef560e8edabbcb8f473c397dcd77e3a6ef4fe70c4c653e1d78fbd9ace6ac','42','20','80','86','48','58','160','165','60','58','168','159','101','99','60','61','48','54','22','20','34','50','86','90','79','71','40','40','80','80','50','50','50','50','143','145','80','80','65','85','10','2','60','65'),('1c97e454b89100ab96b2890214f8f8fe0ae19063a9cab4c62f8703ca65ba10b3','1','1','0','0','0','1','0','0','0','0','0','0','0','0','0','0','0','0','0','0','0','0','0','0','0','0','0','0','0','0','0','0','0','0','0','0','0','0','0','0','0','0','0','0'),('210e8740120ca6c1f392114605c6dad6a68dcb8322da5eede4c694f37e1e3a37','40','19','0','0','0','0','179','178','68','65','180','180','88','93','64','63','73','80','20','20','45','40','82','75','85','80','160','160','0','0','68','59','86','82','0','0','0','0','95','110','30','35','38','40'),('31bcabcb23cf5da696cb1978d386d1eaab3e4c623907fc7f000d0f9baafe90c3','50','22','0','0','0','0','179','178','68','65','180','180','88','93','74','75','60','90','20','23','68','64','82','75','85','80','160','160','0','0','68','59','86','82','0','0','0','0','114','118','30','35','40','45'),('383d310cd0c88a9f5397f2e469279c10b6c4311d61ee352b1917ae6c232ffae5','25','8','0','0','0','0','181','173','42','50','170','168','41','50','73','58','45','75','12','17','55','60','58','68','70','79','45','34','0','0','24','32','62','38','80','80','5','2','64','58','12','10','50','43'),('4777bc23a31900b2ee0662e8af4ea9a9c2e01758d66b024ae9d3916813d074dc','10','17','19','18','30','45','140','110','17','30','90','99','14','80','18','40','40','27','20','1','30','34','30','12','39','49','100','100','38','41','50','41','30','10','130','11','12','40','100','39','50','31','40','5'),('81822622b5c9121e04c54de159a8f01ee1952ff8043624df28034428203cd1ba','50','17','170','152','85','80','0','0','0','0','0','0','0','0','86','67','48','46','8','7','62','83','52','56','83','82','0','0','0','0','0','0','0','0','55','51','0','0','70','56','13','14','37','37'),('905cd91ea7d37e7f1a12528bea6aa13244c9694714c00455c026aacc5980f580','30','18','0','0','83','104','180','178','58','62','172','180','51','40','82','81','53','55','12','4','60','64','57','39','80','80','0','0','0','0','0','0','0','0','53','58','30','35','121','112','30','22','48','50'),('937cc5fd23dc05606fdd0186d943c45332f5c54f4978616fafa115723e3d6a35','20','20','20','20','20','20','20','20','20','20','20','20','20','20','20','20','20','20','20','20','20','20','20','20','20','20','20','20','20','20','20','20','20','20','20','20','20','20','20','20','20','20','20','20'),('ba5c13cb792e66c961fe66a88ff2d1e3040dd60709de0415cbc838c467839179','30','18','0','0','83','104','180','178','58','62','172','180','51','40','82','81','55','60','12','4','60','64','57','39','80','80','0','0','0','0','0','0','0','0','53','58','30','35','121','112','30','22','48','50'),('bb05edd7f284cce274705f3449ef3cda057fded625fbf322cbf3e12cc3a44302','12','18','36','36','19','60','145','120','15','15','56','40','80','17','18','80','27','12','18','20','10','29','50','20','70','70','120','120','18','3','45','12','10','4','40','14','2','8','90','18','17','6','20','45'),('d10f828f605e18ae9459011da67b701b3db2f7c11b7c75ce71211a2e0851b9bf','0','0','0','0','0','0','170','160','66','65','175','168','68','59','51','56','48','65','20','13','56','50','50','46','55','65','30','30','0','0','47','59','45','68','42','35','5','5','68','130','12','16','24','42'),('d13b0aa35955fff697be0bfeb21fb1629732c72103914b4f398ceea3f8d4261d','80','17','163','142','76','88','180','174','64','70','180','180','84','6771','71','63','55','37','14','13','65','68','30','22','30','21','50','51','10','7','20','30','116','107','50','47','2','8','70','60','28','21','33','22');
/*!40000 ALTER TABLE `RangeOfMotion` ENABLE KEYS */;
UNLOCK TABLES;

--
-- Table structure for table `User`
--

DROP TABLE IF EXISTS `User`;
/*!40101 SET @saved_cs_client     = @@character_set_client */;
/*!40101 SET character_set_client = utf8 */;
CREATE TABLE `User` (
  `id` varchar(50) NOT NULL,
  `ps` varchar(255) DEFAULT NULL,
  `rname` varchar(50) DEFAULT NULL,
  `email` varchar(50) DEFAULT NULL,
  `phone` varchar(20) DEFAULT NULL,
  `address` varchar(100) DEFAULT NULL,
  `postCode` varchar(20) DEFAULT NULL,
  `Country` varchar(20) DEFAULT NULL,
  `fin` varchar(2) DEFAULT NULL,
  `userType` varchar(20) DEFAULT NULL,
  `dob` varchar(50) DEFAULT NULL,
  `gender` varchar(10) DEFAULT NULL,
  `age` varchar(5) DEFAULT NULL,
  PRIMARY KEY (`id`)
) ENGINE=InnoDB DEFAULT CHARSET=latin1;
/*!40101 SET character_set_client = @saved_cs_client */;

--
-- Dumping data for table `User`
--

LOCK TABLES `User` WRITE;
/*!40000 ALTER TABLE `User` DISABLE KEYS */;
INSERT INTO `User` VALUES ('aa','123','ma','12322139868@qq.com','248123123123','asdnasdqwe04','','','0','patient','05/22/2020','female','-1'),('adc','123','ma','ssdafa@gmail.com','24865923424','asdfcv','','','0','patient','05/12/1996','male','23'),('bb','123','123','123@qq.com','123123123','123123','','','0','patient','05/22/2020','female','-1'),('doctor','123123','Doc','a@oakland.edu','1231231234','a','b','c','0','doctor','12/16/1994','male','24'),('jenny','123123','jenny','je@oaklane.edu','1236547396','abddd','12345','us','1','patient','05/13/1990','female','29'),('justin123111','123123','dkf','test@oakland.edu','98','daf','fdk','k','0','None','08/05/1990','male','28'),('Kim','123','Kim Li','pro12313b@gmail.com','24123123','123123kasdkj','','','0','patient','05/22/2020','female','-1'),('ma','123456','ma','supertiancaima@gmail.com','2486597527','201 N.Squirrel RD','','','0','patient','05/12/1996','male','23'),('mike','123','mike  anny','123@oakl123nd.easd','1233','123mdsf12','','','0','patient','05/22/2020','female','-1'),('Mish','123123','Mi','info@sevametrics.com','1231231234','A','','','0','patient','08/23/53','female','66'),('None','None','None','None','None','None','None','None','0','None','None','None','None'),('redleo','123123','Sandy','info@sevametrics.com','2489310446','A','','','0','patient','07/30/1953','female','66'),('TestF','123123','TestF','info@sevametrics.com','1231231234','A','','','0','patient','01/01/1988','female','31'),('TestM','123123','TestM','info@sevametrics.com','1231231234','A','','','0','patient','01/01/1988','male','31'),('Willy','123123','Willy','info@sevametrics.com','1231231234','A','','','0','patient','01/12/1968','male','51');
/*!40000 ALTER TABLE `User` ENABLE KEYS */;
UNLOCK TABLES;
/*!40103 SET TIME_ZONE=@OLD_TIME_ZONE */;

/*!40101 SET SQL_MODE=@OLD_SQL_MODE */;
/*!40014 SET FOREIGN_KEY_CHECKS=@OLD_FOREIGN_KEY_CHECKS */;
/*!40014 SET UNIQUE_CHECKS=@OLD_UNIQUE_CHECKS */;
/*!40101 SET CHARACTER_SET_CLIENT=@OLD_CHARACTER_SET_CLIENT */;
/*!40101 SET CHARACTER_SET_RESULTS=@OLD_CHARACTER_SET_RESULTS */;
/*!40101 SET COLLATION_CONNECTION=@OLD_COLLATION_CONNECTION */;
/*!40111 SET SQL_NOTES=@OLD_SQL_NOTES */;

-- Dump completed on 2020-01-13 21:03:46
