A1, 99, 98, 97, 96, 95, 94, 93, 92, 91, 90, 89, 88, 87, 86, 85, 84, 83, 82, 81, 80, 79, 78, 77, 76, 75, 74, 73, 72, 71, 70, 69, 68, 67, 66, 65, 64, 63, 62, 61, 60, 59, 58, 57, 56, 55, 54, 53, 52, 51, 50, 49, 48, 47, 46, 45, 44, 43, 42, 41, 40, 39, 38, 37, 36, 35, 34, 33, 32, 31, 30, 29, 28, 27, 26, 25, 24, 23, 22, 21, 20, 19, 18, 17, 16, 15, 14, 13, 12, 11, 10, 9, 8, 7, 6, 5, 4, 3, 2, 1
20-29, 4.20, 4.75, 5.30, 5.85, 6.40, 6.70, 7.00, 7.30, 7.60, 7.90, 8.14, 8.38, 8.62, 8.86, 9.10, 9.38, 9.66, 9.94, 10.22, 10.50, 10.70, 10.90, 11.10, 11.30, 11.50, 11.72, 11.94, 12.16, 12.38, 12.60, 12.84, 13.08, 13.32, 13.56, 13.80, 14.00, 14.20, 14.40, 14.60, 14.80, 15.00, 15.20, 15.40, 15.60, 15.80, 15.96, 16.12, 16.28, 16.44, 16.60, 16.78, 16.96, 17.14, 17.32, 17.50, 17.72, 17.94, 18.16, 18.38, 18.60, 18.82, 19.04, 19.26, 19.48, 19.70, 19.90, 20.10, 20.30, 20.50, 20.70, 20.96, 21.22, 21.48, 21.74, 22.00, 22.26, 22.52, 22.78, 23.04, 23.30, 23.62, 23.94, 24.26, 24.58, 24.90, 25.24, 25.58, 25.92, 26.26, 26.60, 27.12, 27.64, 28.16, 28.68, 29.20, 30.25, 31.30, 32.35, 33.40
30-39, 7.30, 8.05, 8.80, 9.55, 10.30, 10.72, 11.14, 11.56, 11.98, 12.40, 12.66, 12.92, 13.18, 13.44, 13.70, 13.94, 14.18, 14.42, 14.66, 14.90, 15.10, 15.30, 15.50, 15.70, 15.90, 16.08, 16.26, 16.44, 16.62, 16.80, 16.98, 17.16, 17.34, 17.52, 17.70, 17.84, 17.98, 18.12, 18.26, 18.40, 18.56, 18.72, 18.88, 19.04, 19.20, 19.36, 19.52, 19.68, 19.84, 20.00, 20.14, 20.28, 20.42, 20.56, 20.70, 20.88, 21.06, 21.24, 21.42, 21.60, 21.76, 21.92, 22.08, 22.24, 22.40, 22.56, 22.72, 22.88, 23.04, 23.20, 23.38, 23.56, 23.74, 23.92, 24.10, 24.30, 24.50, 24.70, 24.90, 25.10, 25.36, 25.62, 25.88, 26.14, 26.40, 26.68, 26.96, 27.24, 27.52, 27.80, 28.28, 28.76, 29.24, 29.72, 30.20, 31.25, 32.30, 33.35, 34.40
40-49, 9.50, 10.35, 11.20, 12.05, 12.90, 13.32, 13.74, 14.16, 14.58, 15.00, 15.28, 15.56, 15.84, 16.12, 16.40, 16.62, 16.84, 17.06, 17.28, 17.50, 17.70, 17.90, 18.10, 18.30, 18.50, 18.66, 18.82, 18.98, 19.14, 19.30, 19.46, 19.62, 19.78, 19.94, 20.10, 20.24, 20.38, 20.52, 20.66, 20.80, 20.92, 21.04, 21.16, 21.28, 21.40, 21.54, 21.68, 21.82, 21.96, 22.10, 22.24, 22.38, 22.52, 22.66, 22.80, 22.94, 23.08, 23.22, 23.36, 23.50, 23.64, 23.78, 23.92, 24.06, 24.20, 24.34, 24.48, 24.62, 24.76, 24.90, 25.06, 25.22, 25.38, 25.54, 25.70, 25.88, 26.06, 26.24, 26.42, 26.60, 26.84, 27.08, 27.32, 27.56, 27.80, 28.08, 28.36, 28.64, 28.92, 29.20, 29.62, 30.04, 30.46, 30.88, 31.30, 32.28, 33.25, 34.23, 35.20
50-59, 11.00, 11.95, 12.90, 13.85, 14.80, 15.24, 15.68, 16.12, 16.56, 17.00, 17.26, 17.52, 17.78, 18.04, 18.30, 18.52, 18.74, 18.96, 19.18, 19.40, 19.56, 19.72, 19.88, 20.04, 20.20, 20.36, 20.52, 20.68, 20.84, 21.00, 21.14, 21.28, 21.42, 21.56, 21.70, 21.82, 21.94, 22.06, 22.18, 22.30, 22.44, 22.58, 22.72, 22.86, 23.00, 23.12, 23.24, 23.36, 23.48, 23.60, 23.72, 23.84, 23.96, 24.08, 24.20, 24.34, 24.48, 24.62, 24.76, 24.90, 25.04, 25.18, 25.32, 25.46, 25.60, 25.74, 25.88, 26.02, 26.16, 26.30, 26.46, 26.62, 26.78, 26.94, 27.10, 27.30, 27.50, 27.70, 27.90, 28.10, 28.32, 28.54, 28.76, 28.98, 29.20, 29.48, 29.76, 30.04, 30.32, 30.60, 31.02, 31.44, 31.86, 32.28, 32.70, 33.63, 34.55, 35.48, 36.40
60-69, 11.90, 12.98, 14.05, 15.13, 16.20, 16.58, 16.96, 17.34, 17.72, 18.10, 18.32, 18.54, 18.76, 18.98, 19.20, 19.40, 19.60, 19.80, 20.00, 20.20, 20.36, 20.52, 20.68, 20.84, 21.00, 21.14, 21.28, 21.42, 21.56, 21.70, 21.84, 21.98, 22.12, 22.26, 22.40, 22.52, 22.64, 22.76, 22.88, 23.00, 23.12, 23.24, 23.36, 23.48, 23.60, 23.72, 23.84, 23.96, 24.08, 24.20, 24.34, 24.48, 24.62, 24.76, 24.90, 25.04, 25.18, 25.32, 25.46, 25.60, 25.76, 25.92, 26.08, 26.24, 26.40, 26.52, 26.64, 26.76, 26.88, 27.00, 27.18, 27.36, 27.54, 27.72, 27.90, 28.08, 28.26, 28.44, 28.62, 28.80, 29.00, 29.20, 29.40, 29.60, 29.80, 30.08, 30.36, 30.64, 30.92, 31.20, 31.62, 32.04, 32.46, 32.88, 33.30, 34.18, 35.05, 35.93, 36.80
70-79, 13.60, 14.08, 14.55, 15.03, 15.50, 15.90, 16.30, 16.70, 17.10, 17.50, 17.80, 18.10, 18.40, 18.70, 19.00, 19.22, 19.44, 19.66, 19.88, 20.10, 20.28, 20.46, 20.64, 20.82, 21.00, 21.12, 21.24, 21.36, 21.48, 21.60, 21.74, 21.88, 22.02, 22.16, 22.30, 22.42, 22.54, 22.66, 22.78, 22.90, 23.06, 23.22, 23.38, 23.54, 23.70, 23.76, 23.82, 23.88, 23.94, 24.00, 24.14, 24.28, 24.42, 24.56, 24.70, 24.82, 24.94, 25.06, 25.18, 25.30, 25.40, 25.50, 25.60, 25.70, 25.80, 25.94, 26.08, 26.22, 26.36, 26.50, 26.62, 26.74, 26.86, 26.98, 27.10, 27.36, 27.62, 27.88, 28.14, 28.40, 28.60, 28.80, 29.00, 29.20, 29.40, 29.66, 29.92, 30.18, 30.44, 30.70, 31.14, 31.58, 32.02, 32.46, 32.90, 33.98, 35.05, 36.13, 37.20
###
A2, 99, 98, 97, 96, 95, 94, 93, 92, 91, 90, 89, 88, 87, 86, 85, 84, 83, 82, 81, 80, 79, 78, 77, 76, 75, 74, 73, 72, 71, 70, 69, 68, 67, 66, 65, 64, 63, 62, 61, 60, 59, 58, 57, 56, 55, 54, 53, 52, 51, 50, 49, 48, 47, 46, 45, 44, 43, 42, 41, 40, 39, 38, 37, 36, 35, 34, 33, 32, 31, 30, 29, 28, 27, 26, 25, 24, 23, 22, 21, 20, 19, 18, 17, 16, 15, 14, 13, 12, 11, 10, 9, 8, 7, 6, 5, 4, 3, 2, 1
20-29, 11.40, 12.05, 12.70, 13.35, 14.00, 14.22, 14.44, 14.66, 14.88, 15.10, 15.30, 15.50, 15.70, 15.90, 16.10, 16.24, 16.38, 16.52, 16.66, 16.80, 16.96, 17.12, 17.28, 17.44, 17.60, 17.76, 17.92, 18.08, 18.24, 18.40, 18.52, 18.64, 18.76, 18.88, 19.00, 19.16, 19.32, 19.48, 19.64, 19.80, 19.96, 20.12, 20.28, 20.44, 20.60, 20.78, 20.96, 21.14, 21.32, 21.50, 21.64, 21.78, 21.92, 22.06, 22.20, 22.44, 22.68, 22.92, 23.16, 23.40, 23.56, 23.72, 23.88, 24.04, 24.20, 24.46, 24.72, 24.98, 25.24, 25.50, 25.74, 25.98, 26.22, 26.46, 26.70, 27.00, 27.30, 27.60, 27.90, 28.20, 28.66, 29.12, 29.58, 30.04, 30.50, 31.10, 31.70, 32.30, 32.90, 33.50, 34.12, 34.74, 35.36, 35.98, 36.60, 37.10, 37.60, 38.10, 38.60
30-39, 11.20, 11.88, 12.55, 13.23, 13.90, 14.22, 14.54, 14.86, 15.18, 15.50, 15.70, 15.90, 16.10, 16.30, 16.50, 16.70, 16.90, 17.10, 17.30, 17.50, 17.66, 17.82, 17.98, 18.14, 18.30, 18.48, 18.66, 18.84, 19.02, 19.20, 19.38, 19.56, 19.74, 19.92, 20.10, 20.28, 20.46, 20.64, 20.82, 21.00, 21.20, 21.40, 21.60, 21.80, 22.00, 22.16, 22.32, 22.48, 22.64, 22.80, 22.98, 23.16, 23.34, 23.52, 23.70, 23.92, 24.14, 24.36, 24.58, 24.80, 25.00, 25.20, 25.40, 25.60, 25.80, 26.02, 26.24, 26.46, 26.68, 26.90, 27.14, 27.38, 27.62, 27.86, 28.10, 28.40, 28.70, 29.00, 29.30, 29.60, 29.98, 30.36, 30.74, 31.12, 31.50, 31.92, 32.34, 32.76, 33.18, 33.60, 34.12, 34.64, 35.16, 35.68, 36.20, 36.90, 37.60, 38.30, 39.00
40-49, 12.10, 12.88, 13.65, 14.43, 15.20, 15.52, 15.84, 16.16, 16.48, 16.80, 17.10, 17.40, 17.70, 18.00, 18.30, 18.54, 18.78, 19.02, 19.26, 19.50, 19.72, 19.94, 20.16, 20.38, 20.60, 20.82, 21.04, 21.26, 21.48, 21.70, 21.90, 22.10, 22.30, 22.50, 22.70, 22.90, 23.10, 23.30, 23.50, 23.70, 23.88, 24.06, 24.24, 24.42, 24.60, 24.78, 24.96, 25.14, 25.32, 25.50, 25.68, 25.86, 26.04, 26.22, 26.40, 26.62, 26.84, 27.06, 27.28, 27.50, 27.68, 27.86, 28.04, 28.22, 28.40, 28.62, 28.84, 29.06, 29.28, 29.50, 29.74, 29.98, 30.22, 30.46, 30.70, 30.94, 31.18, 31.42, 31.66, 31.90, 32.20, 32.50, 32.80, 33.10, 33.40, 33.74, 34.08, 34.42, 34.76, 35.10, 35.50, 35.90, 36.30, 36.70, 37.10, 37.60, 38.10, 38.60, 39.10
50-59, 13.90, 14.65, 15.40, 16.15, 16.90, 17.34, 17.78, 18.22, 18.66, 19.10, 19.44, 19.78, 20.12, 20.46, 20.80, 21.10, 21.40, 21.70, 22.00, 22.30, 22.56, 22.82, 23.08, 23.34, 23.60, 23.84, 24.08, 24.32, 24.56, 24.80, 25.00, 25.20, 25.40, 25.60, 25.80, 25.98, 26.16, 26.34, 26.52, 26.70, 26.88, 27.06, 27.24, 27.42, 27.60, 27.76, 27.92, 28.08, 28.24, 28.40, 28.58, 28.76, 28.94, 29.12, 29.30, 29.46, 29.62, 29.78, 29.94, 30.10, 30.24, 30.38, 30.52, 30.66, 30.80, 31.00, 31.20, 31.40, 31.60, 31.80, 32.02, 32.24, 32.46, 32.68, 32.90, 33.10, 33.30, 33.50, 33.70, 33.90, 34.12, 34.34, 34.56, 34.78, 35.00, 35.22, 35.44, 35.66, 35.88, 36.10, 36.40, 36.70, 37.00, 37.30, 37.60, 38.15, 38.70, 39.25, 39.80
60-69, 13.90, 14.85, 15.80, 16.75, 17.70, 18.20, 18.70, 19.20, 19.70, 20.20, 20.56, 20.92, 21.28, 21.64, 22.00, 22.26, 22.52, 22.78, 23.04, 23.30, 23.56, 23.82, 24.08, 24.34, 24.60, 24.82, 25.04, 25.26, 25.48, 25.70, 25.90, 26.10, 26.30, 26.50, 26.70, 26.86, 27.02, 27.18, 27.34, 27.50, 27.66, 27.82, 27.98, 28.14, 28.30, 28.48, 28.66, 28.84, 29.02, 29.20, 29.38, 29.56, 29.74, 29.92, 30.10, 30.24, 30.38, 30.52, 30.66, 30.80, 30.94, 31.08, 31.22, 31.36, 31.50, 31.72, 31.94, 32.16, 32.38, 32.60, 32.74, 32.88, 33.02, 33.16, 33.30, 33.52, 33.74, 33.96, 34.18, 34.40, 34.64, 34.88, 35.12, 35.36, 35.60, 35.80, 36.00, 36.20, 36.40, 36.60, 36.92, 37.24, 37.56, 37.88, 38.20, 38.73, 39.25, 39.78, 40.30
70-79, 11.70, 12.88, 14.05, 15.23, 16.40, 16.78, 17.16, 17.54, 17.92, 18.30, 18.88, 19.46, 20.04, 20.62, 21.20, 21.46, 21.72, 21.98, 22.24, 22.50, 22.74, 22.98, 23.22, 23.46, 23.70, 23.92, 24.14, 24.36, 24.58, 24.80, 24.98, 25.16, 25.34, 25.52, 25.70, 25.88, 26.06, 26.24, 26.42, 26.60, 26.80, 27.00, 27.20, 27.40, 27.60, 27.72, 27.84, 27.96, 28.08, 28.20, 28.34, 28.48, 28.62, 28.76, 28.90, 29.22, 29.54, 29.86, 30.18, 30.50, 30.60, 30.70, 30.80, 30.90, 31.00, 31.18, 31.36, 31.54, 31.72, 31.90, 32.10, 32.30, 32.50, 32.70, 32.90, 33.12, 33.34, 33.56, 33.78, 34.00, 34.26, 34.52, 34.78, 35.04, 35.30, 35.52, 35.74, 35.96, 36.18, 36.40, 36.74, 37.08, 37.42, 37.76, 38.10, 38.63, 39.15, 39.68, 40.20
###
B6, 99, 98, 97, 96, 95, 94, 93, 92, 91, 90, 89, 88, 87, 86, 85, 84, 83, 82, 81, 80, 79, 78, 77, 76, 75, 74, 73, 72, 71, 70, 69, 68, 67, 66, 65, 64, 63, 62, 61, 60, 59, 58, 57, 56, 55, 54, 53, 52, 51, 50, 49, 48, 47, 46, 45, 44, 43, 42, 41, 40, 39, 38, 37, 36, 35, 34, 33, 32, 31, 30, 29, 28, 27, 26, 25, 24, 23, 22, 21, 20, 19, 18, 17, 16, 15, 14, 13, 12, 11, 10, 9, 8, 7, 6, 5, 4, 3, 2, 1
20-29, 0.8300, 0.8314, 0.8328, 0.8341, 0.8355, 0.8366, 0.8377, 0.8388, 0.8399, 0.8410, 0.8421, 0.8432, 0.8443, 0.8454, 0.8465, 0.8476, 0.8487, 0.8498, 0.8509, 0.8520, 0.8531, 0.8542, 0.8553, 0.8564, 0.8575, 0.8586, 0.8597, 0.8608, 0.8619, 0.8630, 0.8641, 0.8652, 0.8663, 0.8674, 0.8685, 0.8696, 0.8707, 0.8718, 0.8729, 0.8740, 0.8751, 0.8762, 0.8773, 0.8784, 0.8795, 0.8806, 0.8817, 0.8828, 0.8839, 0.8850, 0.8861, 0.8872, 0.8883, 0.8894, 0.8905, 0.8916, 0.8927, 0.8938, 0.8949, 0.8960, 0.8971, 0.8982, 0.8993, 0.9004, 0.9015, 0.9026, 0.9037, 0.9048, 0.9059, 0.9070, 0.9081, 0.9092, 0.9103, 0.9114, 0.9125, 0.9136, 0.9147, 0.9158, 0.9169, 0.9180, 0.9191, 0.9202, 0.9213, 0.9224, 0.9235, 0.9246, 0.9257, 0.9268, 0.9279, 0.9290, 0.9301, 0.9312, 0.9323, 0.9334, 0.9345, 0.9359, 0.9373, 0.9386, 0.9400
30-39, 0.8400, 0.8415, 0.8430, 0.8445, 0.8460, 0.8472, 0.8484, 0.8496, 0.8508, 0.8520, 0.8532, 0.8544, 0.8556, 0.8568, 0.8580, 0.8592, 0.8604, 0.8616, 0.8628, 0.8640, 0.8652, 0.8664, 0.8676, 0.8688, 0.8700, 0.8712, 0.8724, 0.8736, 0.8748, 0.8760, 0.8772, 0.8784, 0.8796, 0.8808, 0.8820, 0.8832, 0.8844, 0.8856, 0.8868, 0.8880, 0.8892, 0.8904, 0.8916, 0.8928, 0.8940, 0.8952, 0.8964, 0.8976, 0.8988, 0.9000, 0.9012, 0.9024, 0.9036, 0.9048, 0.9060, 0.9072, 0.9084, 0.9096, 0.9108, 0.9120, 0.9132, 0.9144, 0.9156, 0.9168, 0.9180, 0.9192, 0.9204, 0.9216, 0.9228, 0.9240, 0.9252, 0.9264, 0.9276, 0.9288, 0.9300, 0.9312, 0.9324, 0.9336, 0.9348, 0.9360, 0.9372, 0.9384, 0.9396, 0.9408, 0.9420, 0.9432, 0.9444, 0.9456, 0.9468, 0.9480, 0.9492, 0.9504, 0.9516, 0.9528, 0.9540, 0.9555, 0.9570, 0.9585, 0.9600
40-49, 0.8800, 0.8815, 0.8830, 0.8845, 0.8860, 0.8872, 0.8884, 0.8896, 0.8908, 0.8920, 0.8932, 0.8944, 0.8956, 0.8968, 0.8980, 0.8992, 0.9004, 0.9016, 0.9028, 0.9040, 0.9052, 0.9064, 0.9076, 0.9088, 0.9100, 0.9112, 0.9124, 0.9136, 0.9148, 0.9160, 0.9172, 0.9184, 0.9196, 0.9208, 0.9220, 0.9232, 0.9244, 0.9256, 0.9268, 0.9280, 0.9292, 0.9304, 0.9316, 0.9328, 0.9340, 0.9352, 0.9364, 0.9376, 0.9388, 0.9400, 0.9412, 0.9424, 0.9436, 0.9448, 0.9460, 0.9472, 0.9484, 0.9496, 0.9508, 0.9520, 0.9532, 0.9544, 0.9556, 0.9568, 0.9580, 0.9592, 0.9604, 0.9616, 0.9628, 0.9640, 0.9652, 0.9664, 0.9676, 0.9688, 0.9700, 0.9712, 0.9724, 0.9736, 0.9748, 0.9760, 0.9772, 0.9784, 0.9796, 0.9808, 0.9820, 0.9832, 0.9844, 0.9856, 0.9868, 0.9880, 0.9892, 0.9904, 0.9916, 0.9928, 0.9940, 0.9955, 0.9970, 0.9985, 1.0000
50-59, 0.9000, 0.9015, 0.9030, 0.9045, 0.9060, 0.9072, 0.9084, 0.9096, 0.9108, 0.9120, 0.9132, 0.9144, 0.9156, 0.9168, 0.9180, 0.9192, 0.9204, 0.9216, 0.9228, 0.9240, 0.9252, 0.9264, 0.9276, 0.9288, 0.9300, 0.9312, 0.9324, 0.9336, 0.9348, 0.9360, 0.9372, 0.9384, 0.9396, 0.9408, 0.9420, 0.9432, 0.9444, 0.9456, 0.9468, 0.9480, 0.9492, 0.9504, 0.9516, 0.9528, 0.9540, 0.9552, 0.9564, 0.9576, 0.9588, 0.9600, 0.9612, 0.9624, 0.9636, 0.9648, 0.9660, 0.9672, 0.9684, 0.9696, 0.9708, 0.9720, 0.9732, 0.9744, 0.9756, 0.9768, 0.9780, 0.9792, 0.9804, 0.9816, 0.9828, 0.9840, 0.9852, 0.9864, 0.9876, 0.9888, 0.9900, 0.9912, 0.9924, 0.9936, 0.9948, 0.9960, 0.9972, 0.9984, 0.9996, 1.0008, 1.0020, 1.0032, 1.0044, 1.0056, 1.0068, 1.0080, 1.0092, 1.0104, 1.0116, 1.0128, 1.0140, 1.0155, 1.0170, 1.0185, 1.0200
60-69, 0.9100, 0.9115, 0.9130, 0.9145, 0.9160, 0.9172, 0.9184, 0.9196, 0.9208, 0.9220, 0.9232, 0.9244, 0.9256, 0.9268, 0.9280, 0.9292, 0.9304, 0.9316, 0.9328, 0.9340, 0.9352, 0.9364, 0.9376, 0.9388, 0.9400, 0.9412, 0.9424, 0.9436, 0.9448, 0.9460, 0.9472, 0.9484, 0.9496, 0.9508, 0.9520, 0.9532, 0.9544, 0.9556, 0.9568, 0.9580, 0.9592, 0.9604, 0.9616, 0.9628, 0.9640, 0.9652, 0.9664, 0.9676, 0.9688, 0.9700, 0.9712, 0.9724, 0.9736, 0.9748, 0.9760, 0.9772, 0.9784, 0.9796, 0.9808, 0.9820, 0.9832, 0.9844, 0.9856, 0.9868, 0.9880, 0.9892, 0.9904, 0.9916, 0.9928, 0.9940, 0.9952, 0.9964, 0.9976, 0.9988, 1.0000, 1.0012, 1.0024, 1.0036, 1.0048, 1.0060, 1.0072, 1.0084, 1.0096, 1.0108, 1.0120, 1.0132, 1.0144, 1.0156, 1.0168, 1.0180, 1.0192, 1.0204, 1.0216, 1.0228, 1.0240, 1.0255, 1.0270, 1.0285, 1.0300
###
B8, 99, 98, 97, 96, 95, 94, 93, 92, 91, 90, 89, 88, 87, 86, 85, 84, 83, 82, 81, 80, 79, 78, 77, 76, 75, 74, 73, 72, 71, 70, 69, 68, 67, 66, 65, 64, 63, 62, 61, 60, 59, 58, 57, 56, 55, 54, 53, 52, 51, 50, 49, 48, 47, 46, 45, 44, 43, 42, 41, 40, 39, 38, 37, 36, 35, 34, 33, 32, 31, 30, 29, 28, 27, 26, 25, 24, 23, 22, 21, 20, 19, 18, 17, 16, 15, 14, 13, 12, 11, 10, 9, 8, 7, 6, 5, 4, 3, 2, 1
20-29, 0.71, 0.7114, 0.7128, 0.7141, 0.7155, 0.7166, 0.7177, 0.7188, 0.7199, 0.721, 0.7221, 0.7232, 0.7343, 0.7254, 0.7265, 0.7276, 0.7287, 0.7298, 0.7309, 0.732, 0.7331, 0.7342, 0.7353, 0.7364, 0.7375, 0.7386, 0.7397, 0.7408, 0.7419, 0.743, 0.7441, 0.7452, 0.7463, 0.7474, 0.7485, 0.7496, 0.7507, 0.7518, 0.7529, 0.754, 0.7551, 0.7562, 0.7573, 0.7584, 0.7595, 0.7606, 0.7617, 0.7628, 0.7639, 0.765, 0.7661, 0.7672, 0.7683, 0.7694, 0.7705, 0.7716, 0.7727, 0.7738, 0.7749, 0.776, 0.7771, 0.7782, 0.7793, 0.7804, 0.7815, 0.7826, 0.7837, 0.7848, 0.7859, 0.787, 0.7881, 0.7892, 0.7903, 0.7914, 0.7925, 0.7936, 0.7947, 0.7958, 0.7969, 0.798, 0.7991, 0.8002, 0.8013, 0.8024, 0.8035, 0.8046, 0.8057, 0.8068, 0.8079, 0.809, 0.8101, 0.8112, 0.8123, 0.8134, 0.8145, 0.8159, 0.8173, 0.8186, 0.82
30-39, 0.72, 0.7215, 0.723, 0.7245, 0.726, 0.7272, 0.7284, 0.7296, 0.7308, 0.732, 0.7332, 0.7344, 0.7356, 0.7368, 0.738, 0.7392, 0.7404, 0.7416, 0.7428, 0.744, 0.7452, 0.7464, 0.7476, 0.7488, 0.75, 0.7512, 0.7524, 0.7536, 0.7548, 0.756, 0.7572, 0.7584, 0.7596, 0.7808, 0.762, 0.7632, 0.7644, 0.7656, 0.7668, 0.768, 0.7692, 0.7704, 0.7716, 0.7728, 0.774, 0.7752, 0.7764, 0.7776, 0.7788, 0.78, 0.7812, 0.7824, 0.7836, 0.7848, 0.786, 0.7872, 0.7884, 0.7896, 0.7908, 0.792, 0.7932, 0.7944, 0.7956, 0.7968, 0.798, 0.7992, 0.8004, 0.8016, 0.8028, 0.804, 0.8052, 0.8064, 0.8076, 0.8088, 0.81, 0.8112, 0.8124, 0.8136, 0.8148, 0.816, 0.8172, 0.8184, 0.8196, 0.8208, 0.822, 0.8232, 0.8244, 0.8256, 0.8268, 0.828, 0.8292, 0.8304, 0.8316, 0.8328, 0.834, 0.8355, 0.837, 0.8385, 0.84
40-49, 0.73, 0.7318, 0.7335, 0.7353, 0.737, 0.7384, 0.7398, 0.7412, 0.7426, 0.744, 0.7454, 0.7468, 0.7482, 0.7496, 0.751, 0.7524, 0.7538, 0.7552, 0.7556, 0.758, 0.7594, 0.7608, 0.7622, 0.7636, 0.765, 0.7664, 0.7678, 0.7692, 0.7706, 0.772, 0.7734, 0.7748, 0.7762, 0.7776, 0.779, 0.7804, 0.7818, 0.7832, 0.7846, 0.786, 0.7874, 0.7888, 0.7902, 0.7916, 0.793, 0.7944, 0.7958, 0.7972, 0.7986, 0.8, 0.8014, 0.8028, 0.8042, 0.8056, 0.807, 0.8084, 0.8098, 0.8112, 0.8126, 0.814, 0.8154, 0.8168, 0.8182, 0.8196, 0.821, 0.8224, 0.8238, 0.8252, 0.8266, 0.828, 0.8294, 0.8308, 0.8322, 0.8336, 0.835, 0.8364, 0.8378, 0.8392, 0.8406, 0.842, 0.8434, 0.8448, 0.8462, 0.8476, 0.849, 0.8504, 0.8518, 0.8532, 0.8546, 0.856, 0.8574, 0.8588, 0.8602, 0.8616, 0.863, 0.8648, 0.8665, 0.8683, 0.87
50-59, 0.74, 0.7418, 0.7435, 0.7453, 0.747, 0.7484, 0.7498, 0.7512, 0.7526, 0.754, 0.7554, 0.7568, 0.7582, 0.7596, 0.761, 0.7624, 0.7638, 0.7652, 0.7666, 0.768, 0.7694, 0.7708, 0.7722, 0.7736, 0.775, 0.7764, 0.7778, 0.7792, 0.7806, 0.782, 0.7834, 0.7848, 0.7862, 0.7876, 0.789, 0.7904, 0.7918, 0.7932, 0.7946, 0.796, 0.7974, 0.7988, 0.8002, 0.8016, 0.803, 0.8044, 0.8058, 0.8072, 0.8086, 0.81, 0.8114, 0.8128, 0.8142, 0.8156, 0.817, 0.8184, 0.8198, 0.8212, 0.8226, 0.824, 0.8254, 0.8268, 0.8282, 0.8296, 0.831, 0.8324, 0.8338, 0.8352, 0.8366, 0.838, 0.8394, 0.8408, 0.8422, 0.8436, 0.845, 0.8464, 0.8478, 0.8492, 0.8506, 0.852, 0.8534, 0.8548, 0.8562, 0.8576, 0.859, 0.8604, 0.8618, 0.8632, 0.8646, 0.866, 0.8674, 0.8688, 0.8702, 0.8716, 0.873, 0.8748, 0.8765, 0.8783, 0.88
60-69, 0.76, 0.7618, 0.7635, 0.7653, 0.767, 0.7684, 0.7698, 0.7712, 0.7726, 0.774, 0.7754, 0.7768, 0.7782, 0.7796, 0.781, 0.7824, 0.7838, 0.7852, 0.7866, 0.788, 0.7894, 0.7908, 0.7922, 0.7936, 0.795, 0.7964, 0.7978, 0.7992, 0.8006, 0.802, 0.8034, 0.8048, 0.8062, 0.8076, 0.809, 0.8104, 0.8118, 0.8132, 0.8146, 0.816, 0.8174, 0.8188, 0.8202, 0.8216, 0.823, 0.8244, 0.8258, 0.8272, 0.8286, 0.83, 0.8314, 0.8328, 0.8342, 0.8356, 0.837, 0.8384, 0.8398, 0.8412, 0.8426, 0.844, 0.8454, 0.8468, 0.8482, 0.8496, 0.851, 0.8524, 0.8538, 0.8552, 0.8566, 0.858, 0.8594, 0.8608, 0.8622, 0.8636, 0.865, 0.8664, 0.8678, 0.8692, 0.8706, 0.872, 0.8734, 0.8748, 0.8762, 0.8776, 0.879, 0.8804, 0.8818, 0.8832, 0.8846, 0.886, 0.8874, 0.8888, 0.8902, 0.8916, 0.893, 0.8948, 0.8965, 0.8983, 0.9
###
C1, 99, 98, 97, 96, 95, 94, 93, 92, 91, 90, 89, 88, 87, 86, 85, 84, 83, 82, 81, 80, 79, 78, 77, 76, 75, 74, 73, 72, 71, 70, 69, 68, 67, 66, 65, 64, 63, 62, 61, 60, 59, 58, 57, 56, 55, 54, 53, 52, 51, 50, 49, 48, 47, 46, 45, 44, 43, 42, 41, 40, 39, 38, 37, 36, 35, 34, 33, 32, 31, 30, 29, 28, 27, 26, 25, 24, 23, 22, 21, 20, 19, 18, 17, 16, 15, 14, 13, 12, 11, 10, 9, 8, 7, 6, 5, 4, 3, 2, 1
20-79, 10.0000, 10.2400, 10.4900, 10.7300, 10.9900, 11.2200, 11.4700, 11.7100, 11.9600, 12.2000, 12.4500, 12.6900, 12.9900, 13.1800, 13.4300, 13.6700, 13.9200, 14.1600, 14.4100, 14.6500, 14.9000, 15.1400, 15.3900, 15.6300, 15.8800, 16.1200, 16.3700, 16.6100, 16.8600, 17.1000, 17.3500, 17.5900, 17.8400, 18.0800, 18.3300, 18.5700, 18.8200, 19.0600, 19.3100, 19.5500, 19.8000, 20.0400, 20.2800, 20.5300, 20.7800, 21.0200, 21.2600, 21.5100, 21.7500, 22.0000, 22.3700, 22.7300, 23.1000, 23.4700, 23.8400, 24.2000, 24.5700, 24.9400, 25.3100, 25.6700, 26.0400, 26.4100, 26.7800, 27.1400, 27.5100, 27.8800, 28.2400, 28.6100, 28.9800, 29.3500, 29.7100, 30.0800, 30.4500, 30.8200, 31.1800, 31.5500, 31.9200, 32.2900, 32.6500, 33.0200, 33.3900, 33.7600, 34.1200, 34.4900, 34.8600, 35.2300, 35.5900, 35.9600, 36.3300, 36.7000, 37.0600, 37.4300, 37.8000, 38.1600, 38.5300, 38.9000, 39.2700, 39.6300, 40.0000
turn, 8.0, , , , , , , , , , , , , , , , , , , , , , , , , , , , , , , , , , , , , , , , , , , , , , , , , , , , , , 7.9000, 7.7800, 7.6600, 7.5300, 7.4100, 7.2900, 7.1700, 7.0400, 6.9200, 6.8000, 6.6800, 6.5500, 6.4300, 6.3100, 6.1800, 6.0600, 5.9400, 5.8100, 5.6900, 5.5700, 5.4500, 5.3200, 5.2000, 5.0800, 4.9600, 4.8300, 4.7100, 4.5900, 4.4600, 4.3400, 4.2200, 4.1000, 3.9700, 3.8500, 3.7300, 3.6100, 3.4800, 3.3600, 3.2400, 3.1100, 3.0000, 2.8700, 2.7400, 2.6200, 2.5000
###
C2, 99, 98, 97, 96, 95, 94, 93, 92, 91, 90, 89, 88, 87, 86, 85, 84, 83, 82, 81, 80, 79, 78, 77, 76, 75, 74, 73, 72, 71, 70, 69, 68, 67, 66, 65, 64, 63, 62, 61, 60, 59, 58, 57, 56, 55, 54, 53, 52, 51, 50, 49, 48, 47, 46, 45, 44, 43, 42, 41, 40, 39, 38, 37, 36, 35, 34, 33, 32, 31, 30, 29, 28, 27, 26, 25, 24, 23, 22, 21, 20, 19, 18, 17, 16, 15, 14, 13, 12, 11, 10, 9, 8, 7, 6, 5, 4, 3, 2, 1
20-79, 20.0000, 20.3000, 20.6000, 20.9000, 21.2000, 21.4400, 21.6800, 21.9200, 22.1600, 22.4000, 22.6400, 22.8800, 23.1200, 23.3600, 23.6000, 23.8400, 24.0800, 24.3200, 24.5600, 24.8000, 25.0400, 25.2800, 25.5200, 25.7600, 26.0000, 26.2400, 26.4800, 26.7200, 26.9600, 27.2000, 27.4400, 27.6800, 27.9200, 28.1600, 28.4000, 28.6400, 28.8800, 29.1200, 29.3600, 29.6000, 29.8400, 30.0800, 30.3200, 30.5600, 30.8000, 31.0400, 31.2800, 31.5200, 31.7600, 32.0000, 32.2600, 32.5200, 32.7800, 33.0400, 33.3000, 33.5600, 33.8200, 34.0800, 34.3400, 34.6000, 34.8600, 35.1200, 35.3800, 35.6400, 35.9000, 36.1600, 36.4200, 36.6800, 36.9400, 37.2000, 37.4600, 37.7200, 37.9800, 38.2400, 38.5000, 38.7600, 39.0200, 39.2800, 39.5400, 39.8000, 40.0600, 40.3200, 40.5800, 40.8400, 41.1000, 41.3600, 41.6200, 41.8800, 42.1400, 42.4000, 42.6600, 42.9200, 43.1800, 43.4400, 43.7000, 44.0300, 44.3500, 44.6600, 45.0000
turn, 14.1, , , , , , , , , , , , , , , , , , , , , , , , , , , , , , , , , , , , , , , , , , , , , , , , , , , , , , 14.0000, 13.8400, 13.6900, 13.5300, 13.3800, 13.2200, 13.0600, 12.9100, 12.7500, 12.6000, 12.4400, 12.2900, 12.1400, 11.9800, 11.8300, 11.6700, 11.5100, 11.3600, 11.2000, 11.0400, 10.8900, 10.7300, 10.5800, 10.4200, 10.2700, 10.1100, 9.9500, 9.8000, 9.6400, 9.4900, 9.3300, 9.1800, 9.0300, 8.8700, 8.7200, 8.5600, 8.4000, 8.2500, 8.0900, 7.9500, 7.7800, 7.5900, 7.4000, 7.2000, 7.0000
### 
D1, 99, 98, 97, 96, 95, 94, 93, 92, 91, 90, 89, 88, 87, 86, 85, 84, 83, 82, 81, 80, 79, 78, 77, 76, 75, 74, 73, 72, 71, 70, 69, 68, 67, 66, 65, 64, 63, 62, 61, 60, 59, 58, 57, 56, 55, 54, 53, 52, 51, 50, 49, 48, 47, 46, 45, 44, 43, 42, 41, 40, 39, 38, 37, 36, 35, 34, 33, 32, 31, 30, 29, 28, 27, 26, 25, 24, 23, 22, 21, 20, 19, 18, 17, 16, 15, 14, 13, 12, 11, 10, 9, 8, 7, 6, 5, 4, 3, 2, 1
18-79+, 18.5000, 18.7600, 19.0300, 19.3000, 19.6000, 19.8300, 20.1000, 20.3600, 20.6300, 20.9000, 21.1600, 21.4300, 21.7000, 22.0000, 22.2300, 22.5000, 22.7700, 23.0300, 23.3000, 23.6000, 23.8300, 24.1000, 24.3700, 24.6300, 24.9000, 18.4400, 18.3300, 18.1700, 18.0000, 17.8300, 17.6700, 17.5000, 17.3300, 17.1700, 17.0000, 16.8300, 16.6700, 16.5000, 16.3300, 16.1700, 16.0000, 15.8300, 15.6700, 15.5000, 15.3300, 15.1700, 15.0000, 14.8300, 14.6700, 14.5000, 25.0000, 25.2600, 25.5100, 25.7700, 26.0300, 26.2900, 26.5500, 26.8100, 27.0600, 27.3200, 27.6000, 27.8400, 28.1000, 28.3600, 28.6100, 28.8700, 29.1300, 29.3900, 29.6500, 29.9000, 30.0000, 30.2600, 30.5200, 30.7700, 31.0300, 31.2900, 31.5500, 31.8100, 32.0600, 32.3200, 32.6000, 32.8400, 33.0900, 33.3500, 33.6100, 33.8700, 34.1300, 34.3800, 34.6400, 34.9000, 35.0000, 35.7000, 36.4000, 37.1000, 37.8000, 38.5000, 39.2000, 39.9000, 40.0000
###
B4a, 99, 98, 97, 96, 95, 94, 93, 92, 91, 90, 89, 88, 87, 86, 85, 84, 83, 82, 81, 80, 79, 78, 77, 76, 75, 74, 73, 72, 71, 70, 69, 68, 67, 66, 65, 64, 63, 62, 61, 60, 59, 58, 57, 56, 55, 54, 53, 52, 51, 50, 49, 48, 47, 46, 45, 44, 43, 42, 41, 40, 39, 38, 37, 36, 35, 34, 33, 32, 31, 30, 29, 28, 27, 26, 25, 24, 23, 22, 21, 20, 19, 18, 17, 16, 15, 14, 13, 12, 11, 10, 9, 8, 7, 6, 5, 4, 3, 2, 1
20-70, 0.90, , , , , , , , , , , , , , , , , , , , , , , , , , , , , , , , , , , , , , , , , , , , , , , , , , , , , , , , , , , , , , , , , , , , , , , , , , , , , , , , , , , , , , , , , , , , , , , , , , 0.89
###
B4b, 99, 98, 97, 96, 95, 94, 93, 92, 91, 90, 89, 88, 87, 86, 85, 84, 83, 82, 81, 80, 79, 78, 77, 76, 75, 74, 73, 72, 71, 70, 69, 68, 67, 66, 65, 64, 63, 62, 61, 60, 59, 58, 57, 56, 55, 54, 53, 52, 51, 50, 49, 48, 47, 46, 45, 44, 43, 42, 41, 40, 39, 38, 37, 36, 35, 34, 33, 32, 31, 30, 29, 28, 27, 26, 25, 24, 23, 22, 21, 20, 19, 18, 17, 16, 15, 14, 13, 12, 11, 10, 9, 8, 7, 6, 5, 4, 3, 2, 1
20-70, 0.80, , , , , , , , , , , , , , , , , , , , , , , , , , , , , , , , , , , , , , , , , , , , , , , , , , , , , , , , , , , , , , , , , , , , , , , , , , , , , , , , , , , , , , , , , , , , , , , , , , 0.79
###
B7, 99, 98, 97, 96, 95, 94, 93, 92, 91, 90, 89, 88, 87, 86, 85, 84, 83, 82, 81, 80, 79, 78, 77, 76, 75, 74, 73, 72, 71, 70, 69, 68, 67, 66, 65, 64, 63, 62, 61, 60, 59, 58, 57, 56, 55, 54, 53, 52, 51, 50, 49, 48, 47, 46, 45, 44, 43, 42, 41, 40, 39, 38, 37, 36, 35, 34, 33, 32, 31, 30, 29, 28, 27, 26, 25, 24, 23, 22, 21, 20, 19, 18, 17, 16, 15, 14, 13, 12, 11, 10, 9, 8, 7, 6, 5, 4, 3, 2, 1
20-70, 0.8500, 0.8513, 0.8525, 0.8538, 0.8550, 0.8560, 0.8570, 0.8580, 0.8590, 0.8600, 0.8610, 0.8620, 0.8630, 0.8640, 0.8650, 0.8660, 0.8670, 0.8680, 0.8690, 0.8700, 0.8710, 0.8720, 0.8730, 0.8740, 0.8750, 0.8760, 0.8770, 0.8780, 0.8790, 0.8800, 0.8810, 0.8820, 0.8830, 0.8840, 0.8850, 0.8860, 0.8870, 0.8880, 0.8890, 0.8900, 0.8910, 0.8920, 0.8930, 0.8940, 0.8950, 0.8960, 0.8970, 0.8980, 0.8990, 0.9000, 0.9010, 0.9020, 0.9030, 0.9040, 0.9050, 0.9060, 0.9070, 0.9080, 0.9090, 0.9100, 0.9110, 0.9120, 0.9130, 0.9140, 0.9150, 0.9160, 0.9170, 0.9180, 0.9190, 0.9200, 0.9210, 0.9220, 0.9230, 0.9240, 0.9250, 0.9260, 0.9270, 0.9280, 0.9290, 0.9300, 0.9310, 0.9320, 0.9330, 0.9340, 0.9350, 0.9360, 0.9370, 0.9380, 0.9390, 0.9400, 0.9410, 0.9420, 0.9430, 0.9440, 0.9450, 0.9463, 0.9475, 0.9488, 0.9500
###
B9, 99, 98, 97, 96, 95, 94, 93, 92, 91, 90, 89, 88, 87, 86, 85, 84, 83, 82, 81, 80, 79, 78, 77, 76, 75, 74, 73, 72, 71, 70, 69, 68, 67, 66, 65, 64, 63, 62, 61, 60, 59, 58, 57, 56, 55, 54, 53, 52, 51, 50, 49, 48, 47, 46, 45, 44, 43, 42, 41, 40, 39, 38, 37, 36, 35, 34, 33, 32, 31, 30, 29, 28, 27, 26, 25, 24, 23, 22, 21, 20, 19, 18, 17, 16, 15, 14, 13, 12, 11, 10, 9, 8, 7, 6, 5, 4, 3, 2, 1
20-70, 0.75, 0.7514, 0.7528, 0.7541, 0.7555, 0.7566, 0.7577, 0.7588, 0.7599, 0.761, 0.7621, 0.7632, 0.7643, 0.7654, 0.7665, 0.7676, 0.7687, 0.7698, 0.7709, 0.772, 0.7731, 0.7742, 0.7753, 0.7764, 0.7775, 0.7786, 0.7797, 0.7808, 0.7819, 0.783, 0.7841, 0.7852, 0.7863, 0.7874, 0.7885, 0.7896, 0.7907, 0.7918, 0.7929, 0.794, 0.7951, 0.7962, 0.7973, 0.7984, 0.7995, 0.8006, 0.8017, 0.8028, 0.8039, 0.805, 0.8061, 0.8072, 0.8083, 0.8094, 0.8105, 0.8116, 0.8127, 0.8138, 0.8149, 0.816, 0.8171, 0.8182, 0.8193, 0.8204, 0.8215, 0.8226, 0.8237, 0.8248, 0.8259, 0.827, 0.8281, 0.8292, 0.8303, 0.8314, 0.8325, 0.8336, 0.8347, 0.8358, 0.8369, 0.838, 0.8391, 0.8402, 0.8413, 0.8424, 0.8435, 0.8446, 0.8457, 0.8468, 0.8479, 0.849, 0.8501, 0.8512, 0.8523, 0.8534, 0.8545, 0.8559, 0.8573, 0.8586, 0.86
